   36,  373, -0.3868, -0.3814, -0.3908,  373,   4.7659,   3.7009,   1.1220,
   36,  385, -0.3544, -0.3697, -0.4108,  385,   8.2320,   1.7975,   2.8339,
   36,  397, -0.3136, -0.3298, -0.3826,  397,  11.0982,   4.8778,   2.6619,
   36,  409, -0.0269, -0.4211, -0.3868,  409,  -8.2121,  14.6402,   4.7659,
   36,  421, -0.0338, -0.1419, -0.3544,  421, -12.6131,   0.7707,   8.2320,
   36,  433, -0.3054, -0.0092, -0.3136,  433,   2.4895, -12.5144,  11.0982,
   36,  445, -0.3291, -0.1525, -0.0269,  445,   5.5805,  -6.7197,  -8.2121,
   36,  457, -0.2069, -0.3550, -0.0338,  457,   0.8306,   6.3962, -12.6131,
   36,  469, -0.2006, -0.2662, -0.3054,  469,   2.3929,   4.2936,   2.4895,
   36,  481, -0.1259, -0.1843, -0.3291,  481,  -2.8907,   0.5533,   5.5805,
   36,  493, -0.1490, -0.1755, -0.2069,  493,  -1.8321,   0.3765,   0.8306,
   36,  505, -0.2280, -0.1519, -0.2006,  505,   2.1571,  -2.6641,   2.3929,
   36,  517, -0.2404, -0.1848, -0.1259,  517,   5.2956,   0.2777,  -2.8907,
   36,  529, -0.2135, -0.2193, -0.1490,  529,   7.3132,   1.8765,  -1.8321,
   36,  541, -0.0991, -0.2192, -0.2280,  541,   1.4242,   6.9423,   2.1571,
   36,  553, -0.0179, -0.1653, -0.2404,  553,  -3.7622,   4.2539,   5.2956,
   36,  565, -0.0784, -0.0088, -0.2135,  565,  -4.2653,  -3.9379,   7.3132,
   36,  577, -0.1936, -0.0491, -0.0991,  577,   5.3380,  -5.1422,   1.4242,
   36,  589, -0.2615, -0.0880, -0.0179,  589,  12.1492,  -3.1751,  -3.7622,
   36,  601, -0.0311, -0.2169, -0.0784,  601,   0.8686,   7.7874,  -4.2653,
   36,  613,  0.0421, -0.1311, -0.1936,  613,  -7.2495,   6.4665,   5.3380,
   36,  625, -0.0754,  0.0659, -0.2615,  625,   0.3327,  -6.4694,  12.1492,
   36,  637, -0.1600,  0.0222, -0.0311,  637,   5.6188,  -6.2698,   0.8686,
   36,  649, -0.0606, -0.1336,  0.0421,  649,   2.0602,   3.6035,  -7.2495,
   36,  661, -0.1052, -0.0943, -0.0754,  661,   7.5654,   1.8810,   0.3327,
   36,  673, -0.0437, -0.0422, -0.1600,  673,   6.7193,   1.8806,   5.6188,
   36,  685,  0.0664, -0.0820, -0.0606,  685,   1.2868,   7.8126,   2.0602,
   36,  697,  0.0663,  0.0785, -0.1052,  697,   2.0634,  -0.4760,   7.5654,
   36,  709,  0.0526,  0.1090, -0.0437,  709,   3.9168,  -0.7569,   6.7193,
   36,  721,  0.1309,  0.0462,  0.0664,  721,  -0.3245,   4.1250,   1.2868,
   36,  733,  0.1426,  0.1137,  0.0663,  733,  -1.0898,   1.7434,   2.0634,
   36,  745,  0.1003,  0.1640,  0.0526,  745,   3.5306,  -2.9332,   3.9168,
   36,  757,  0.1578,  0.0895,  0.1309,  757,  -1.7271,   3.4566,  -0.3245,
   36,  769,  0.2575,  0.1021,  0.1426,  769, -11.9158,   1.6663,  -1.0898,
   36,  781,  0.0737,  0.2369,  0.1003,  781,  -4.8879,  -7.7621,   3.5306,
   36,  793, -0.0057,  0.1636,  0.1578,  793,  -1.9111,  -8.4181,  -1.7271,
   36,  805, -0.0084,  0.0556,  0.2575,  805,  -2.6206,  -4.0447, -11.9158,
   36,  817, -0.0007, -0.0406,  0.0737,  817,  -6.0058,  -0.2436,  -4.8879,
   36,  829, -0.1371, -0.0093, -0.0057,  829,   4.0169,  -4.0192,  -1.9111,
   36,  841, -0.1875, -0.0573, -0.0084,  841,   9.8074,  -3.7122,  -2.6206,
   36,  853, -0.0472, -0.1958, -0.0007,  853,   6.3203,   9.3368,  -6.0058,
   36,  865,  0.1170, -0.1588, -0.1371,  865,  -7.2146,  11.3189,   4.0169,
   36,  877,  0.1240,  0.1428, -0.1875,  877, -11.4787,  -6.7638,   9.8074,
   36,  889, -0.0976,  0.1118, -0.0472,  889,  -3.1520,  -9.0474,   6.3203,
   36,  901, -0.2198,  0.0113,  0.1170,  901,   8.8946,  -7.9113,  -7.2146,
   36,  913, -0.2093, -0.1319,  0.1240,  913,  13.4497,   0.7912, -11.4787,
   36,  925,  0.0691, -0.2478, -0.0976,  925,  -0.1355,  13.8824,  -3.1520,
   36,  937,  0.1273, -0.0935, -0.2198,  937,  -5.1405,   8.9606,   8.8946,
   36,  949,  0.0446,  0.1523, -0.2093,  949,  -0.0351,  -6.1029,  13.4497,
   36,  961,  0.0048,  0.0376,  0.0691,  961,   3.7183,   0.9075,  -0.1355,
   36,  973,  0.0724, -0.0083,  0.1273,  973,   1.8838,   3.6369,  -5.1405,
   36,  985,  0.1900,  0.0672,  0.0446,  985, -11.0799,   0.6891,  -0.0351,
   36,  997,  0.0986,  0.0939,  0.0048,  997,  -8.7278,  -2.1408,   3.7183,
   36, 1009, -0.1475,  0.1655,  0.0724, 1009,   4.5616, -11.8177,   1.8838,
   36, 1021, -0.0888,  0.0179,  0.1900, 1021,   3.4082,  -4.4556, -11.0799,
   36, 1033, -0.0350, -0.1586,  0.0986, 1033,   0.9108,   6.0452,  -8.7278,
   36, 1045, -0.0700, -0.0380, -0.1475, 1045,   5.7815,   0.7352,   4.5616,
   36, 1057, -0.0119, -0.0438, -0.0888, 1057,   2.8672,   2.2251,   3.4082,
   36, 1069,  0.0984, -0.0533, -0.0350, 1069,  -5.6792,   5.9547,   0.9108,
   36, 1081, -0.0110,  0.0712, -0.0700, 1081,   0.4276,  -3.5513,   5.7815,
   36, 1093, -0.1112,  0.1045, -0.0119, 1093,   9.8279,  -7.1434,   2.8672,
   36, 1105,  0.0908, -0.1378,  0.0984, 1105,  -4.9476,  10.8291,  -5.6792,
   36, 1117,  0.1416,  0.0224, -0.0110, 1117,  -9.5641,   0.3139,   0.4276,
   36, 1129, -0.0774,  0.1521, -0.1112, 1129,  -0.3447,  -8.0956,   9.8279,
   36, 1141, -0.1011, -0.0005,  0.0908, 1141,   6.6030,  -4.1348,  -4.9476,
   36, 1153, -0.0852, -0.0972,  0.1416, 1153,   7.3913,   4.2903,  -9.5641,
   36, 1165,  0.0861, -0.1426, -0.0774, 1165,   1.3924,   9.8203,  -0.3447,
   60,  373, -0.4195, -0.3912, -0.2340,  373,   7.9456,   1.4675,  -3.9017,
   60,  385, -0.2696, -0.3957, -0.3717,  385,   2.5875,   3.7233,   0.2161,
   60,  397, -0.1559, -0.4370, -0.4013,  397,  -2.2225,   7.4057,   1.7682,
   60,  409, -0.0830, -0.3187, -0.4098,  409,  -4.5660,   4.7633,   2.8525,
   60,  421, -0.1536, -0.2419, -0.4275,  421,  -2.4589,   0.7815,   5.7484,
   60,  433, -0.3049, -0.0885, -0.4195,  433,   2.7880,  -4.5028,   7.9456,
   60,  445, -0.3092, -0.1242, -0.2696,  445,   4.1721,  -3.2216,   2.5875,
   60,  457, -0.1973, -0.2410, -0.1559,  457,   0.5347,   0.8401,  -2.2225,
   60,  469, -0.1762, -0.3250, -0.0830,  469,  -0.1694,   4.0048,  -4.5660,
   60,  481, -0.1510, -0.2365, -0.1536,  481,  -1.0126,   1.8754,  -2.4589,
   60,  493, -0.1871, -0.1622, -0.3049,  493,   0.8866,  -0.9046,   2.7880,
   60,  505, -0.2606, -0.1765, -0.3092,  505,   4.7017,  -0.0590,   4.1721,
   60,  517, -0.2113, -0.1783, -0.1973,  517,   3.6330,  -0.2085,   0.5347,
   60,  529, -0.1509, -0.2315, -0.1762,  529,   1.9291,   3.3386,  -0.1694,
   60,  541, -0.0503, -0.2322, -0.1510,  541,  -2.4890,   3.8393,  -1.0126,
   60,  553, -0.0709, -0.1592, -0.1871,  553,  -0.9230,   2.0537,   0.8866,
   60,  565, -0.1674, -0.0980, -0.2606,  565,   3.1457,  -0.7078,   4.7017,
   60,  577, -0.1712, -0.0202, -0.2113,  577,   3.8909,  -3.3795,   3.6330,
   60,  589, -0.1270, -0.1328, -0.1509,  589,   1.5821,   1.3347,   1.9291,
   60,  601, -0.0204, -0.1601, -0.0503,  601,  -1.1226,   3.4402,  -2.4890,
   60,  613, -0.0343, -0.1420, -0.0709,  613,  -0.7582,   2.4976,  -0.9230,
   60,  625, -0.0926, -0.0473, -0.1674,  625,   1.4949,  -0.8025,   3.1457,
   60,  637, -0.1633,  0.0060, -0.1712,  637,   5.2627,  -2.0199,   3.8909,
   60,  649, -0.0833, -0.0344, -0.1270,  649,   4.1126,  -0.9915,   1.5821,
   60,  661, -0.0622, -0.1325, -0.0204,  661,   4.0607,   3.1993,  -1.1226,
   60,  673, -0.0067, -0.1299, -0.0343,  673,   3.1506,   4.9844,  -0.7582,
   60,  685,  0.0629, -0.0433, -0.0926,  685,   1.5902,   2.8060,   1.4949,
   60,  697,  0.0817, -0.0325, -0.1633,  697,   1.1634,   3.4993,   5.2627,
   60,  709,  0.0854,  0.0500, -0.0833,  709,   1.1717,   1.8936,   4.1126,
   60,  721,  0.1032,  0.0842, -0.0622,  721,   1.5758,   1.3770,   4.0607,
   60,  733,  0.1471,  0.0914, -0.0067,  733,  -0.6124,   0.6392,   3.1506,
   60,  745,  0.1883,  0.1104,  0.0629,  745,  -3.6478,   1.1072,   1.5902,
   60,  757,  0.1967,  0.1394,  0.0817,  757,  -5.2448,  -0.1740,   1.1634,
   60,  769,  0.1877,  0.1551,  0.0854,  769,  -6.1740,  -1.5297,   1.1717,
   60,  781,  0.0542,  0.1696,  0.1032,  781,  -3.0349,  -3.7011,   1.5758,
   60,  793,  0.0134,  0.2082,  0.1471,  793,  -3.1842,  -6.0114,  -0.6124,
   60,  805, -0.0488,  0.1152,  0.1883,  805,  -0.5153,  -4.3996,  -3.6478,
   60,  817, -0.0997,  0.0516,  0.1967,  817,   2.0801,  -3.6451,  -5.2448,
   60,  829, -0.1496, -0.0122,  0.1877,  829,   5.3641,  -2.7877,  -6.1740,
   60,  841, -0.0832, -0.0879,  0.0542,  841,   2.3087,   1.4082,  -3.0349,
   60,  853,  0.0652, -0.1534,  0.0134,  853,  -3.5310,   4.9319,  -3.1842,
   60,  865,  0.1105, -0.1166, -0.0488,  865,  -6.8074,   3.6164,  -0.5153,
   60,  877, -0.0095, -0.0143, -0.0997,  877,  -1.8032,  -0.4201,   2.0801,
   60,  889, -0.2020,  0.1487, -0.1496,  889,   5.9214,  -7.1770,   5.3641,
   60,  901, -0.1757,  0.0483, -0.0832,  901,   6.1884,  -4.5753,   2.3087,
   60,  913, -0.0904, -0.1315,  0.0652,  913,   3.8264,   3.0885,  -3.5310,
   60,  925,  0.0695, -0.1888,  0.1105,  925,  -0.5455,   6.3803,  -6.8074,
   60,  937,  0.0711, -0.1319, -0.0095,  937,  -0.2120,   4.7950,  -1.8032,
   60,  949,  0.0183, -0.0233, -0.2020,  949,   2.1617,   2.4679,   5.9214,
   60,  961,  0.0929,  0.0912, -0.1757,  961,  -2.4415,  -0.9815,   6.1884,
   60,  973,  0.1468,  0.0356, -0.0904,  973,  -5.2676,   0.9736,   3.8264,
   60,  985,  0.1044,  0.0335,  0.0695,  985,  -4.3928,   0.7790,  -0.5455,
   60,  997,  0.0125,  0.1427,  0.0711,  997,  -1.5656,  -4.7885,  -0.2120,
   60, 1009, -0.1273,  0.1053,  0.0183, 1009,   2.9123,  -4.2553,   2.1617,
   60, 1021, -0.0967,  0.0613,  0.0929, 1021,   3.4464,  -3.1628,  -2.4415,
   60, 1033, -0.0460, -0.0313,  0.1468, 1033,   2.2419,  -0.2637,  -5.2676,
   60, 1045,  0.0062, -0.1292,  0.1044, 1045,  -0.1618,   3.4785,  -4.3928,
   60, 1057,  0.0113, -0.0712,  0.0125, 1057,  -0.1097,   3.2155,  -1.5656,
   60, 1069,  0.0103, -0.0100, -0.1273, 1069,   1.2691,   0.4978,   2.9123,
   60, 1081,  0.0197,  0.0277, -0.0967, 1081,  -0.6053,  -1.1788,   3.4464,
   60, 1093,  0.0050, -0.0054, -0.0460, 1093,  -0.5312,   1.6946,   2.2419,
   60, 1105,  0.0844,  0.0441,  0.0062, 1105,  -4.1368,  -0.7682,  -0.1618,
   60, 1117,  0.0207, -0.0211,  0.0113, 1117,  -0.6469,   0.8186,  -0.1097,
   60, 1129, -0.1233,  0.0660,  0.0103, 1129,   4.4550,  -3.1669,   1.2691,
   60, 1141, -0.0862,  0.0752,  0.0197, 1141,   4.9422,  -2.8876,  -0.6053,
   60, 1153, -0.0704, -0.0882,  0.0050, 1153,   6.0947,   3.0739,  -0.5312,
   60, 1165,  0.0672, -0.0872,  0.0844, 1165,   3.2615,   3.8441,  -4.1368,
   84,  373, -0.2957, -0.4212, -0.2419,  373,   1.4518,   2.6845,  -2.0687,
   84,  385, -0.2276, -0.4562, -0.2226,  385,   0.1126,   4.8445,  -2.7673,
   84,  397, -0.1831, -0.4061, -0.2840,  397,  -0.7749,   4.5039,  -1.3531,
   84,  409, -0.1389, -0.3351, -0.3931,  409,  -1.5624,   2.3960,   1.3631,
   84,  421, -0.2051, -0.2329, -0.4435,  421,   0.3142,   0.0760,   3.7832,
   84,  433, -0.2881, -0.2372, -0.4597,  433,   2.0573,   0.4329,   5.5799,
   84,  445, -0.2652, -0.1516, -0.3822,  445,   1.7304,  -1.1761,   3.7927,
   84,  457, -0.1921, -0.1734, -0.2957,  457,   0.1987,  -0.6219,   1.4518,
   84,  469, -0.1947, -0.2468, -0.2276,  469,   0.6690,   1.1747,   0.1126,
   84,  481, -0.2043, -0.2810, -0.1831,  481,   1.7146,   1.8219,  -0.7749,
   84,  493, -0.2040, -0.2197, -0.1389,  493,   1.9867,   0.8510,  -1.5624,
   84,  505, -0.2205, -0.1749, -0.2051,  505,   2.5670,  -0.1777,   0.3142,
   84,  517, -0.1502, -0.2142, -0.2881,  517,   0.4898,   1.6712,   2.0573,
   84,  529, -0.1385, -0.2155, -0.2652,  529,   0.8362,   1.9726,   1.7304,
   84,  541, -0.1165, -0.2076, -0.1921,  541,   0.9495,   2.1314,   0.1987,
   84,  553, -0.1050, -0.1781, -0.1947,  553,   0.9768,   1.1987,   0.6690,
   84,  565, -0.1188, -0.1204, -0.2043,  565,   0.8009,  -0.0777,   1.7146,
   84,  577, -0.1295, -0.1319, -0.2040,  577,   1.4218,   0.9039,   1.9867,
   84,  589, -0.1248, -0.0964, -0.2205,  589,   1.4856,   0.7565,   2.5670,
   84,  601, -0.0430, -0.1235, -0.1502,  601,  -0.0263,   1.1219,   0.4898,
   84,  613, -0.0816, -0.1069, -0.1385,  613,   1.5329,   0.6013,   0.8362,
   84,  625, -0.1237, -0.1226, -0.1165,  625,   3.1692,   1.3303,   0.9495,
   84,  637, -0.1397, -0.0597, -0.1050,  637,   4.0532,  -0.0155,   0.9768,
   84,  649, -0.0653, -0.0338, -0.1188,  649,   3.0449,  -0.0329,   0.8009,
   84,  661, -0.0434, -0.0949, -0.1295,  661,   3.0832,   2.2059,   1.4218,
   84,  673,  0.0154, -0.1325, -0.1248,  673,   2.0999,   3.4321,   1.4856,
   84,  685,  0.0758, -0.1032, -0.0430,  685,   0.9131,   3.5423,  -0.0263,
   84,  697,  0.0715, -0.0467, -0.0816,  697,   1.5780,   2.9898,   1.5329,
   84,  709,  0.1008, -0.0220, -0.1237,  709,   0.6006,   2.9650,   3.1692,
   84,  721,  0.1687,  0.0728, -0.1397,  721,  -1.7902,   0.7827,   4.0532,
   84,  733,  0.1938,  0.0846, -0.0653,  733,  -3.1234,   1.1104,   3.0449,
   84,  745,  0.1895,  0.0903, -0.0434,  745,  -3.7397,   0.8910,   3.0832,
   84,  757,  0.1771,  0.1491,  0.0154,  757,  -4.1743,  -0.7777,   2.0999,
   84,  769,  0.1674,  0.1861,  0.0758,  769,  -5.0219,  -2.5314,   0.9131,
   84,  781,  0.0239,  0.1825,  0.0715,  781,  -1.8053,  -3.1364,   1.5780,
   84,  793, -0.0554,  0.1662,  0.1008,  793,   0.3549,  -3.5423,   0.6006,
   84,  805, -0.0995,  0.1876,  0.1687,  805,   2.2154,  -4.9214,  -1.7902,
   84,  817, -0.0765,  0.1093,  0.1938,  817,   1.2153,  -4.1351,  -3.1234,
   84,  829, -0.0509, -0.0096,  0.1895,  829,   0.1034,  -0.7658,  -3.7397,
   84,  841, -0.0090, -0.0994,  0.1771,  841,  -1.6032,   1.9224,  -4.1743,
   84,  853,  0.0202, -0.0856,  0.1674,  853,  -1.6039,   1.5431,  -5.0219,
   84,  865, -0.0170, -0.0739,  0.0239,  865,  -0.0693,   0.8868,  -1.8053,
   84,  877, -0.0660, -0.0321, -0.0554,  877,   1.4266,  -0.7662,   0.3549,
   84,  889, -0.1547,  0.0076, -0.0995,  889,   3.5459,  -1.8005,   2.2154,
   84,  901, -0.1252,  0.0319, -0.0765,  901,   3.4612,  -1.3536,   1.2153,
   84,  913, -0.0700, -0.0571, -0.0509,  913,   2.8104,   1.1586,   0.1034,
   84,  925,  0.0425, -0.1170, -0.0090,  925,   0.8601,   2.5062,  -1.6032,
   84,  937,  0.1088, -0.1411,  0.0202,  937,  -1.8371,   3.7323,  -1.6039,
   84,  949,  0.0976, -0.1030, -0.0170,  949,  -2.2280,   3.2897,  -0.0693,
   84,  961,  0.0868, -0.0069, -0.0660,  961,  -2.2565,   1.5696,   1.4266,
   84,  973,  0.0946,  0.0876, -0.1547,  973,  -2.5604,  -0.6122,   3.5459,
   84,  985,  0.0550,  0.0981, -0.1252,  985,  -1.8100,  -2.0478,   3.4612,
   84,  997, -0.0333,  0.0807, -0.0700,  997,   0.6624,  -2.0072,   2.8104,
   84, 1009, -0.1256,  0.1022,  0.0425, 1009,   2.9406,  -2.6927,   0.8601,
   84, 1021, -0.0474,  0.0619,  0.1088, 1021,   0.9907,  -1.9692,  -1.8371,
   84, 1033, -0.0189,  0.0162,  0.0976, 1033,   0.5426,  -0.8380,  -2.2280,
   84, 1045, -0.0286, -0.0724,  0.0868, 1045,   1.5369,   1.8154,  -2.2565,
   84, 1057,  0.0241, -0.0966,  0.0946, 1057,  -0.3609,   2.0773,  -2.5604,
   84, 1069,  0.0575, -0.0136,  0.0550, 1069,  -1.3705,   0.1145,  -1.8100,
   84, 1081,  0.0428, -0.0388, -0.0333, 1081,  -1.7257,   1.6745,   0.6624,
   84, 1093, -0.0222,  0.0061, -0.1256, 1093,   0.5473,   0.3154,   2.9406,
   84, 1105,  0.0060,  0.0370, -0.0474, 1105,   0.2054,  -0.5882,   0.9907,
   84, 1117, -0.0240,  0.0709, -0.0189, 1117,   1.5800,  -2.1067,   0.5426,
   84, 1129, -0.1320, -0.0114, -0.0286, 1129,   4.8928,  -0.0254,   1.5369,
   84, 1141, -0.0825, -0.0010,  0.0241, 1141,   4.8411,   0.2769,  -0.3609,
   84, 1153, -0.0197,  0.0208,  0.0575, 1153,   3.6239,   0.0637,  -1.3705,
   84, 1165,  0.0822, -0.1094,  0.0428, 1165,   2.2587,   4.0053,  -1.7257,
  108,  373, -0.2867, -0.4151, -0.2036,  373,   1.1094,   2.6413,  -2.0650,
  108,  385, -0.2359, -0.4435, -0.2533,  385,   0.4551,   3.6423,  -1.4195,
  108,  397, -0.2126, -0.3930, -0.2669,  397,   0.3849,   2.5560,  -1.1409,
  108,  409, -0.1643, -0.3318, -0.2677,  409,  -0.5211,   1.5703,  -1.0171,
  108,  421, -0.2014, -0.3141, -0.3484,  421,   0.1185,   1.5428,   1.0496,
  108,  433, -0.2699, -0.2488, -0.4524,  433,   1.3354,   0.6915,   3.6903,
  108,  445, -0.2620, -0.2461, -0.4261,  445,   1.5481,   0.7782,   3.2881,
  108,  457, -0.2276, -0.1739, -0.3716,  457,   1.5368,  -0.3042,   2.1916,
  108,  469, -0.2144, -0.1780, -0.3311,  469,   1.5155,  -0.3882,   1.7091,
  108,  481, -0.1954, -0.2388, -0.2867,  481,   1.3611,   0.8147,   1.1094,
  108,  493, -0.1663, -0.2683, -0.2359,  493,   0.5659,   1.3548,   0.4551,
  108,  505, -0.1982, -0.2415, -0.2126,  505,   1.5258,   1.5870,   0.3849,
  108,  517, -0.1814, -0.2100, -0.1643,  517,   1.6747,   1.2699,  -0.5211,
  108,  529, -0.1534, -0.2085, -0.2014,  529,   1.4537,   1.4758,   0.1185,
  108,  541, -0.0948, -0.1868, -0.2699,  541,   0.1988,   0.9554,   1.3354,
  108,  553, -0.0918, -0.1724, -0.2620,  553,   0.3557,   0.7391,   1.5481,
  108,  565, -0.1240, -0.1885, -0.2276,  565,   1.0076,   1.5254,   1.5368,
  108,  577, -0.1266, -0.1601, -0.2144,  577,   1.2689,   1.5078,   1.5155,
  108,  589, -0.1421, -0.1292, -0.1954,  589,   2.0678,   0.9082,   1.3611,
  108,  601, -0.0839, -0.0736, -0.1663,  601,   1.5667,  -0.1343,   0.5659,
  108,  613, -0.0949, -0.1172, -0.1982,  613,   2.0604,   0.8198,   1.5258,
  108,  625, -0.1164, -0.1083, -0.1814,  625,   2.8418,   0.7117,   1.6747,
  108,  637, -0.1223, -0.1265, -0.1534,  637,   3.3842,   1.4365,   1.4537,
  108,  649, -0.0482, -0.1035, -0.0948,  649,   2.4335,   1.6799,   0.1988,
  108,  661, -0.0183, -0.0656, -0.0918,  661,   2.1169,   1.2942,   0.3557,
  108,  673,  0.0175, -0.0973, -0.1240,  673,   1.9693,   2.2864,   1.0076,
  108,  685,  0.0846, -0.1304, -0.1266,  685,   0.6749,   3.3521,   1.2689,
  108,  697,  0.1286, -0.0933, -0.1421,  697,  -0.5921,   3.1680,   2.0678,
  108,  709,  0.1546, -0.0187, -0.0839,  709,  -1.4942,   1.9481,   1.5667,
  108,  721,  0.1871, -0.0040, -0.0949,  721,  -2.5131,   2.1701,   2.0604,
  108,  733,  0.1949,  0.0712, -0.1164,  733,  -3.1461,   0.9222,   2.8418,
  108,  745,  0.1927,  0.1161, -0.1223,  745,  -3.8304,  -0.0419,   3.3842,
  108,  757,  0.1457,  0.1404, -0.0482,  757,  -3.1137,  -1.0020,   2.4335,
  108,  769,  0.0900,  0.1826, -0.0183,  769,  -2.0745,  -2.1349,   2.1169,
  108,  781, -0.0342,  0.1942,  0.0175,  781,   0.4606,  -2.8547,   1.9693,
  108,  793, -0.0549,  0.1897,  0.0846,  793,   0.4820,  -3.4124,   0.6749,
  108,  805, -0.0399,  0.1710,  0.1286,  805,  -0.1103,  -3.7498,  -0.5921,
  108,  817, -0.0211,  0.1256,  0.1546,  817,  -0.9236,  -2.6672,  -1.4942,
  108,  829, -0.0540,  0.0177,  0.1871,  829,   0.0389,  -0.5537,  -2.5131,
  108,  841, -0.0738, -0.0310,  0.1949,  841,   0.8999,   0.1678,  -3.1461,
  108,  853, -0.0301, -0.0572,  0.1927,  853,   0.4401,   0.3570,  -3.8304,
  108,  865, -0.0298, -0.0304,  0.1457,  865,   0.4741,  -0.5574,  -3.1137,
  108,  877, -0.0651, -0.0407,  0.0900,  877,   1.3670,  -0.4902,  -2.0745,
  108,  889, -0.1404, -0.0745, -0.0342,  889,   3.0181,   0.7361,   0.4606,
  108,  901, -0.1140, -0.0610, -0.0549,  901,   3.0226,   0.9164,   0.4820,
  108,  913, -0.0115,  0.0030, -0.0399,  913,   0.7019,  -0.1644,  -0.1103,
  108,  925,  0.1042, -0.0613, -0.0211,  925,  -1.6093,   1.2649,  -0.9236,
  108,  937,  0.1097, -0.1134, -0.0540,  937,  -1.9278,   2.3779,   0.0389,
  108,  949,  0.0788, -0.1162, -0.0738,  949,  -1.5174,   2.7569,   0.8999,
  108,  961,  0.0630, -0.0695, -0.0301,  961,  -1.3490,   2.0689,   0.4401,
  108,  973,  0.0474,  0.0529, -0.0298,  973,  -0.8139,  -0.6243,   0.4741,
  108,  985,  0.0133,  0.1203, -0.0651,  985,  -0.1552,  -2.0009,   1.3670,
  108,  997, -0.0186,  0.0865, -0.1404,  997,   0.1553,  -1.6188,   3.0181,
  108, 1009, -0.0919,  0.0634, -0.1140, 1009,   1.5288,  -1.3433,   3.0226,
  108, 1021, -0.0660,  0.0674, -0.0115, 1021,   1.6511,  -1.3708,   0.7019,
  108, 1033, -0.0065,  0.0116,  0.1042, 1033,   0.2397,  -0.0664,  -1.6093,
  108, 1045,  0.0175,  0.0018,  0.1097, 1045,  -0.3057,  -0.1515,  -1.9278,
  108, 1057,  0.0470, -0.0353,  0.0788, 1057,  -1.2070,   0.3563,  -1.5174,
  108, 1069,  0.0299, -0.1031,  0.0630, 1069,  -0.4500,   2.1860,  -1.3490,
  108, 1081, -0.0085, -0.0254,  0.0474, 1081,   0.3405,   0.7114,  -0.8139,
  108, 1093, -0.0483, -0.0009,  0.0133, 1093,   1.5027,   0.1912,  -0.1552,
  108, 1105, -0.0384,  0.0391, -0.0186, 1105,   1.9123,  -0.9296,   0.1553,
  108, 1117, -0.0545,  0.0379, -0.0919, 1117,   2.7988,  -0.7616,   1.5288,
  108, 1129, -0.1002,  0.0204, -0.0660, 1129,   3.7509,  -0.1965,   1.6511,
  108, 1141, -0.0539, -0.0350, -0.0065, 1141,   3.6494,   0.9198,   0.2397,
  108, 1153,  0.0187, -0.0406,  0.0175, 1153,   2.2991,   1.7249,  -0.3057,
  108, 1165,  0.1408, -0.0368,  0.0470, 1165,  -0.0083,   2.3073,  -1.2070,
  132,  373, -0.2945, -0.3434, -0.0862,  373,   1.3570,   1.3662,  -3.0618,
  132,  385, -0.2395, -0.3833, -0.1575,  385,   0.5946,   1.7473,  -2.3101,
  132,  397, -0.2071, -0.3860, -0.2258,  397,   0.1899,   1.8511,  -1.4025,
  132,  409, -0.1728, -0.3722, -0.2803,  409,  -0.2701,   1.9009,  -0.5930,
  132,  421, -0.2145, -0.3320, -0.3197,  421,   0.4918,   1.5751,   0.4294,
  132,  433, -0.2903, -0.3106, -0.3434,  433,   1.9382,   1.4344,   1.3172,
  132,  445, -0.2715, -0.2510, -0.3628,  445,   1.8803,   0.7626,   1.5810,
  132,  457, -0.2214, -0.2363, -0.3934,  457,   1.3434,   0.5045,   1.8974,
  132,  469, -0.1863, -0.1800, -0.3843,  469,   0.6750,  -0.1449,   1.9593,
  132,  481, -0.1851, -0.1889, -0.3564,  481,   0.9561,  -0.0421,   1.7310,
  132,  493, -0.1932, -0.2582, -0.3231,  493,   1.3788,   1.3538,   1.4747,
  132,  505, -0.2050, -0.2855, -0.2945,  505,   1.7538,   1.9255,   1.3570,
  132,  517, -0.1563, -0.2374, -0.2395,  517,   0.9508,   1.4742,   0.5946,
  132,  529, -0.1353, -0.1927, -0.2071,  529,   0.8424,   0.7851,   0.1899,
  132,  541, -0.1048, -0.1834, -0.1728,  541,   0.5101,   0.6906,  -0.2701,
  132,  553, -0.0994, -0.1974, -0.2145,  553,   0.5714,   1.2426,   0.4918,
  132,  565, -0.1427, -0.2007, -0.2903,  565,   1.5378,   1.6281,   1.9382,
  132,  577, -0.1507, -0.1812, -0.2715,  577,   2.0134,   1.3580,   1.8803,
  132,  589, -0.1478, -0.1328, -0.2214,  589,   2.2467,   0.6656,   1.3434,
  132,  601, -0.0922, -0.1240, -0.1863,  601,   1.7959,   0.7225,   0.6750,
  132,  613, -0.0991, -0.0831, -0.1851,  613,   2.1942,   0.1860,   0.9561,
  132,  625, -0.1047, -0.1252, -0.1932,  625,   2.5101,   1.0406,   1.3788,
  132,  637, -0.0967, -0.1407, -0.2050,  637,   2.6033,   1.7026,   1.7538,
  132,  649, -0.0426, -0.1416, -0.1563,  649,   2.2354,   1.9464,   0.9508,
  132,  661, -0.0000, -0.1101, -0.1353,  661,   1.6070,   1.8739,   0.8424,
  132,  673,  0.0719, -0.0847, -0.1048,  673,   0.3232,   1.8796,   0.5101,
  132,  685,  0.1332, -0.1017, -0.0994,  685,  -0.8198,   2.4259,   0.5714,
  132,  697,  0.1568, -0.1028, -0.1427,  697,  -1.4599,   2.5303,   1.5378,
  132,  709,  0.1716, -0.0739, -0.1507,  709,  -2.0077,   2.5233,   2.0134,
  132,  721,  0.2017, -0.0103, -0.1478,  721,  -2.9415,   1.7294,   2.2467,
  132,  733,  0.1790,  0.0336, -0.0922,  733,  -2.7401,   1.0543,   1.7959,
  132,  745,  0.1367,  0.1155, -0.0991,  745,  -2.1383,  -0.4082,   2.1942,
  132,  757,  0.0820,  0.1533, -0.1047,  757,  -1.1542,  -1.2101,   2.5101,
  132,  769,  0.0644,  0.1628, -0.0967,  769,  -1.2150,  -1.6937,   2.6033,
  132,  781,  0.0013,  0.1989, -0.0426,  781,  -0.6321,  -2.6339,   2.2354,
  132,  793, -0.0133,  0.2056, -0.0000,  793,  -0.7894,  -3.2161,   1.6070,
  132,  805, -0.0424,  0.1513,  0.0719,  805,  -0.1263,  -2.3129,   0.3232,
  132,  817, -0.0720,  0.0942,  0.1332,  817,   0.6325,  -1.3792,  -0.8198,
  132,  829, -0.0843,  0.0864,  0.1568,  829,   1.0146,  -1.4166,  -1.4599,
  132,  841, -0.0754,  0.0296,  0.1716,  841,   0.9733,  -0.8820,  -2.0077,
  132,  853, -0.0382,  0.0035,  0.2017,  853,   0.6737,  -0.8682,  -2.9415,
  132,  865, -0.0472, -0.0316,  0.1790,  865,   1.0220,  -0.4735,  -2.7401,
  132,  877, -0.0765, -0.0642,  0.1367,  877,   1.7140,   0.4051,  -2.1383,
  132,  889, -0.0889, -0.0897,  0.0820,  889,   1.5207,   1.0409,  -1.1542,
  132,  901, -0.0378, -0.0809,  0.0644,  901,   0.6481,   0.9656,  -1.2150,
  132,  913,  0.0158, -0.0654,  0.0013,  913,  -0.1657,   1.0202,  -0.6321,
  132,  925,  0.0942, -0.0198, -0.0133,  925,  -1.3118,   0.5416,  -0.7894,
  132,  937,  0.0917, -0.0637, -0.0424,  937,  -1.3826,   1.3353,  -0.1263,
  132,  949,  0.0480, -0.0943, -0.0720,  949,  -0.6175,   1.8320,   0.6325,
  132,  961,  0.0304, -0.0540, -0.0843,  961,  -0.3289,   0.9119,   1.0146,
  132,  973,  0.0452, -0.0125, -0.0754,  973,  -0.7156,   0.2632,   0.9733,
  132,  985,  0.0147,  0.0579, -0.0382,  985,  -0.2503,  -0.7874,   0.6737,
  132,  997, -0.0435,  0.1052, -0.0472,  997,   0.8905,  -1.5385,   1.0220,
  132, 1009, -0.0736,  0.0662, -0.0765, 1009,   1.0554,  -1.0094,   1.7140,
  132, 1021, -0.0231,  0.0261, -0.0889, 1021,   0.3106,  -0.2233,   1.5207,
  132, 1033,  0.0191,  0.0479, -0.0378, 1033,  -0.5256,  -0.7085,   0.6481,
  132, 1045,  0.0055,  0.0266,  0.0158, 1045,  -0.0129,  -0.5363,  -0.1657,
  132, 1057,  0.0063, -0.0241,  0.0942, 1057,   0.0794,   0.5735,  -1.3118,
  132, 1069, -0.0023, -0.0462,  0.0917, 1069,   0.5076,   0.7642,  -1.3826,
  132, 1081, -0.0468, -0.0639,  0.0480, 1081,   1.5066,   0.9781,  -0.6175,
  132, 1093, -0.0759,  0.0073,  0.0304, 1093,   2.3675,  -0.2716,  -0.3289,
  132, 1105, -0.0400,  0.0093,  0.0452, 1105,   2.0048,  -0.1910,  -0.7156,
  132, 1117, -0.0492,  0.0067,  0.0147, 1117,   2.5967,   0.0399,  -0.2503,
  132, 1129, -0.0671,  0.0099, -0.0435, 1129,   2.8197,   0.1102,   0.8905,
  132, 1141,  0.0109, -0.0189, -0.0736, 1141,   1.6690,   0.9659,   1.0554,
  132, 1153,  0.0548, -0.0778, -0.0231, 1153,   1.1668,   2.2382,   0.3106,
  132, 1165,  0.1171, -0.0492,  0.0191, 1165,   0.6866,   2.0271,  -0.5256,
  156,  373, -0.2792, -0.3142, -0.0791,  373,   0.9520,   0.6051,  -2.4463,
  156,  385, -0.2355, -0.3156, -0.0753,  385,   0.4867,   0.6441,  -2.6983,
  156,  397, -0.2171, -0.3732, -0.1160,  397,   0.4284,   1.4791,  -2.3145,
  156,  409, -0.2069, -0.3835, -0.1910,  409,   0.5858,   1.7881,  -1.4619,
  156,  421, -0.2349, -0.3654, -0.2753,  421,   1.0361,   1.7261,  -0.1743,
  156,  433, -0.2808, -0.3254, -0.3436,  433,   1.6968,   1.4072,   1.0232,
  156,  445, -0.2427, -0.2951, -0.3397,  445,   1.1620,   1.0576,   0.9885,
  156,  457, -0.2112, -0.2454, -0.3153,  457,   1.0328,   0.6042,   0.6129,
  156,  469, -0.2091, -0.2364, -0.3429,  469,   1.2455,   0.5146,   1.0485,
  156,  481, -0.1973, -0.2060, -0.3831,  481,   1.2772,   0.4836,   1.6385,
  156,  493, -0.1748, -0.2193, -0.3748,  493,   0.9372,   0.7561,   1.7226,
  156,  505, -0.1849, -0.2578, -0.3571,  505,   1.2106,   1.3510,   1.7520,
  156,  517, -0.1576, -0.2640, -0.3162,  517,   0.9838,   1.4045,   1.3162,
  156,  529, -0.1366, -0.2147, -0.2792,  529,   0.8651,   0.8897,   0.9520,
  156,  541, -0.1258, -0.2033, -0.2355,  541,   1.0159,   1.0330,   0.4867,
  156,  553, -0.1284, -0.2093, -0.2171,  553,   1.3094,   1.3628,   0.4284,
  156,  565, -0.1533, -0.1947, -0.2069,  565,   1.8087,   1.2049,   0.5858,
  156,  577, -0.1534, -0.1753, -0.2349,  577,   2.0684,   0.9814,   1.0361,
  156,  589, -0.1491, -0.1714, -0.2808,  589,   2.2820,   1.0939,   1.6968,
  156,  601, -0.0927, -0.1336, -0.2427,  601,   1.8245,   0.7019,   1.1620,
  156,  613, -0.0887, -0.1313, -0.2112,  613,   1.9324,   0.8938,   1.0328,
  156,  625, -0.0990, -0.1175, -0.2091,  625,   2.3508,   1.0593,   1.2455,
  156,  637, -0.0758, -0.1434, -0.1973,  637,   2.1022,   1.5310,   1.2772,
  156,  649,  0.0083, -0.1466, -0.1748,  649,   0.9576,   1.8492,   0.9372,
  156,  661,  0.0530, -0.1519, -0.1849,  661,   0.2573,   2.2085,   1.2106,
  156,  673,  0.1069, -0.1180, -0.1576,  673,  -0.5668,   2.0778,   0.9838,
  156,  685,  0.1552, -0.0757, -0.1366,  685,  -1.3756,   1.6638,   0.8651,
  156,  697,  0.1804, -0.0918, -0.1258,  697,  -2.0491,   2.1460,   1.0159,
  156,  709,  0.1706, -0.0900, -0.1284,  709,  -2.0282,   2.2275,   1.3094,
  156,  721,  0.1613, -0.0372, -0.1533,  721,  -1.9334,   1.6114,   1.8087,
  156,  733,  0.1259,  0.0368, -0.1534,  733,  -1.3892,   0.5491,   2.0684,
  156,  745,  0.1123,  0.0785, -0.1491,  745,  -1.4747,  -0.1040,   2.2820,
  156,  757,  0.0974,  0.1418, -0.0927,  757,  -1.5486,  -1.0780,   1.8245,
  156,  769,  0.0837,  0.1771, -0.0887,  769,  -1.7015,  -1.8130,   1.9324,
  156,  781, -0.0053,  0.1852, -0.0990,  781,  -0.5193,  -2.2692,   2.3508,
  156,  793, -0.0573,  0.1740, -0.0758,  793,   0.3248,  -2.0452,   2.1022,
  156,  805, -0.0718,  0.1426,  0.0083,  805,   0.6477,  -1.6069,   0.9576,
  156,  817, -0.0767,  0.1193,  0.0530,  817,   0.7656,  -1.4705,   0.2573,
  156,  829, -0.0857,  0.0963,  0.1069,  829,   1.0422,  -1.4114,  -0.5668,
  156,  841, -0.0855,  0.1004,  0.1552,  841,   1.2371,  -1.7585,  -1.3756,
  156,  853, -0.0551,  0.0401,  0.1804,  853,   1.1038,  -1.1733,  -2.0491,
  156,  865, -0.0229, -0.0291,  0.1706,  865,   0.4519,  -0.0844,  -2.0282,
  156,  877, -0.0220, -0.0754,  0.1613,  877,   0.3109,   0.6542,  -1.9334,
  156,  889, -0.0558, -0.0738,  0.1259,  889,   0.6644,   0.6698,  -1.3892,
  156,  901, -0.0237, -0.0920,  0.1123,  901,   0.2822,   1.0839,  -1.4747,
  156,  913,  0.0186, -0.0898,  0.0974,  913,  -0.2419,   1.1953,  -1.5486,
  156,  925,  0.0697, -0.0694,  0.0837,  925,  -0.7150,   1.1206,  -1.7015,
  156,  937,  0.0618, -0.0222, -0.0053,  937,  -0.6118,   0.6248,  -0.5193,
  156,  949,  0.0475, -0.0241, -0.0573,  949,  -0.5866,   0.3663,   0.3248,
  156,  961,  0.0307, -0.0455, -0.0718,  961,  -0.3681,   0.5595,   0.6477,
  156,  973,  0.0145, -0.0339, -0.0767,  973,   0.0481,   0.3972,   0.7656,
  156,  985,  0.0116, -0.0026, -0.0857,  985,  -0.1215,   0.0075,   1.0422,
  156,  997, -0.0134,  0.0491, -0.0855,  997,   0.1122,  -0.5741,   1.2371,
  156, 1009, -0.0426,  0.0702, -0.0551, 1009,   0.2800,  -0.6654,   1.1038,
  156, 1021, -0.0263,  0.0514, -0.0229, 1021,   0.3476,  -0.5971,   0.4519,
  156, 1033, -0.0106,  0.0383, -0.0220, 1033,   0.2517,  -0.5377,   0.3109,
  156, 1045, -0.0182,  0.0201, -0.0558, 1045,   0.5727,  -0.0439,   0.6644,
  156, 1057, -0.0300,  0.0068, -0.0237, 1057,   0.9964,   0.0089,   0.2822,
  156, 1069, -0.0375, -0.0060,  0.0186, 1069,   1.4109,   0.1085,  -0.2419,
  156, 1081, -0.0533, -0.0174,  0.0697, 1081,   1.6974,   0.0442,  -0.7150,
  156, 1093, -0.0748, -0.0455,  0.0618, 1093,   2.3144,   0.4699,  -0.6118,
  156, 1105, -0.0293, -0.0144,  0.0475, 1105,   1.7823,   0.2666,  -0.5866,
  156, 1117, -0.0031, -0.0099,  0.0307, 1117,   1.4302,   0.3061,  -0.3681,
  156, 1129, -0.0293, -0.0252,  0.0145, 1129,   1.8427,   0.8244,   0.0481,
  156, 1141,  0.0071, -0.0364,  0.0116, 1141,   1.7462,   1.2880,  -0.1215,
  156, 1153,  0.0334, -0.0354, -0.0134, 1153,   1.7204,   1.4067,   0.1122,
  156, 1165,  0.1075, -0.0759, -0.0426, 1165,   0.9535,   2.1733,   0.2800,
  180,  373, -0.2798, -0.3306, -0.0406,  373,   0.9541,   0.6699,  -2.3452,
  180,  385, -0.2579, -0.3169, -0.0676,  385,   0.9661,   0.6561,  -2.2549,
  180,  397, -0.2363, -0.3265, -0.0990,  397,   0.8585,   0.8806,  -2.0230,
  180,  409, -0.2128, -0.3717, -0.1093,  409,   0.7115,   1.4466,  -1.9625,
  180,  421, -0.2186, -0.3754, -0.1699,  421,   0.6909,   1.6140,  -1.1644,
  180,  433, -0.2673, -0.3486, -0.2574,  433,   1.3707,   1.3715,  -0.0155,
  180,  445, -0.2577, -0.3134, -0.3008,  445,   1.4815,   1.1385,   0.4103,
  180,  457, -0.2215, -0.2892, -0.3217,  457,   1.2641,   0.9337,   0.5541,
  180,  469, -0.1944, -0.2605, -0.3274,  469,   0.9436,   0.9113,   0.7054,
  180,  481, -0.1838, -0.2579, -0.3197,  481,   0.9652,   0.9949,   0.7098,
  180,  493, -0.1762, -0.2148, -0.3444,  493,   0.9690,   0.6798,   1.0852,
  180,  505, -0.1819, -0.2129, -0.3849,  505,   1.1389,   0.6345,   1.6786,
  180,  517, -0.1709, -0.2390, -0.3662,  517,   1.2570,   0.9388,   1.5462,
  180,  529, -0.1594, -0.2665, -0.3388,  529,   1.3608,   1.4465,   1.3466,
  180,  541, -0.1407, -0.2361, -0.3047,  541,   1.3419,   1.3601,   1.0644,
  180,  553, -0.1383, -0.2035, -0.2798,  553,   1.5156,   1.0581,   0.9541,
  180,  565, -0.1591, -0.1893, -0.2579,  565,   1.9373,   0.9275,   0.9661,
  180,  577, -0.1514, -0.1873, -0.2363,  577,   2.0338,   1.0351,   0.8585,
  180,  589, -0.1385, -0.1730, -0.2128,  589,   2.0528,   0.9426,   0.7115,
  180,  601, -0.0946, -0.1737, -0.2186,  601,   1.8559,   1.1346,   0.6909,
  180,  613, -0.0776, -0.1591, -0.2673,  613,   1.7101,   1.2540,   1.3707,
  180,  625, -0.0526, -0.1494, -0.2577,  625,   1.3521,   1.3024,   1.4815,
  180,  637, -0.0226, -0.1298, -0.2215,  637,   0.9468,   1.3234,   1.2641,
  180,  649,  0.0465, -0.1572, -0.1944,  649,   0.1276,   1.8296,   0.9436,
  180,  661,  0.0844, -0.1543, -0.1838,  661,  -0.4196,   2.0178,   0.9652,
  180,  673,  0.1377, -0.1405, -0.1762,  673,  -1.2297,   1.9693,   0.9690,
  180,  685,  0.1618, -0.1122, -0.1819,  685,  -1.5477,   1.9344,   1.1389,
  180,  697,  0.1540, -0.0738, -0.1709,  697,  -1.4860,   1.6373,   1.2570,
  180,  709,  0.1306, -0.0634, -0.1594,  709,  -1.1598,   1.5436,   1.3608,
  180,  721,  0.1410, -0.0427, -0.1407,  721,  -1.4652,   1.2103,   1.3419,
  180,  733,  0.1373,  0.0095, -0.1383,  733,  -1.6368,   0.5880,   1.5156,
  180,  745,  0.1268,  0.0705, -0.1591,  745,  -1.7880,  -0.1838,   1.9373,
  180,  757,  0.0827,  0.1118, -0.1514,  757,  -1.2640,  -0.8253,   2.0338,
  180,  769,  0.0343,  0.1687, -0.1385,  769,  -0.6317,  -1.6656,   2.0528,
  180,  781, -0.0365,  0.1639, -0.0946,  781,   0.1741,  -1.5564,   1.8559,
  180,  793, -0.0650,  0.1386, -0.0776,  793,   0.5020,  -1.2544,   1.7101,
  180,  805, -0.0769,  0.1477, -0.0526,  805,   0.7537,  -1.4575,   1.3521,
  180,  817, -0.0882,  0.1418, -0.0226,  817,   1.0200,  -1.5767,   0.9468,
  180,  829, -0.0972,  0.1310,  0.0465,  829,   1.2908,  -1.7167,   0.1276,
  180,  841, -0.0617,  0.1007,  0.0844,  841,   0.7514,  -1.5235,  -0.4196,
  180,  853, -0.0123,  0.0622,  0.1377,  853,   0.1614,  -0.9560,  -1.2297,
  180,  865, -0.0043, -0.0072,  0.1618,  865,   0.0381,  -0.1393,  -1.5477,
  180,  877, -0.0132, -0.0434,  0.1540,  877,   0.1144,   0.2397,  -1.4860,
  180,  889, -0.0445, -0.0813,  0.1306,  889,   0.4141,   0.7724,  -1.1598,
  180,  901, -0.0285, -0.0851,  0.1410,  901,   0.3694,   0.9162,  -1.4652,
  180,  913,  0.0042, -0.0950,  0.1373,  913,   0.0783,   1.1482,  -1.6368,
  180,  925,  0.0681, -0.0854,  0.1268,  925,  -0.6679,   1.1136,  -1.7880,
  180,  937,  0.0594, -0.0363,  0.0827,  937,  -0.5789,   0.4256,  -1.2640,
  180,  949,  0.0214,  0.0093,  0.0343,  949,  -0.0317,  -0.0788,  -0.6317,
  180,  961,  0.0261, -0.0120, -0.0365,  961,  -0.2346,   0.1012,   0.1741,
  180,  973,  0.0327, -0.0335, -0.0650,  973,  -0.3567,   0.2988,   0.5020,
  180,  985,  0.0269, -0.0292, -0.0769,  985,  -0.4438,   0.2892,   0.7537,
  180,  997, -0.0182, -0.0172, -0.0882,  997,   0.1876,   0.3141,   1.0200,
  180, 1009, -0.0610,  0.0403, -0.0972, 1009,   0.6927,  -0.3605,   1.2908,
  180, 1021, -0.0435,  0.0765, -0.0617, 1021,   0.7087,  -0.8047,   0.7514,
  180, 1033, -0.0413,  0.0281, -0.0123, 1033,   0.9139,  -0.1174,   0.1614,
  180, 1045, -0.0493,  0.0200, -0.0043, 1045,   1.2523,  -0.1151,   0.0381,
  180, 1057, -0.0414,  0.0300, -0.0132, 1057,   1.2608,  -0.2591,   0.1144,
  180, 1069, -0.0464,  0.0245, -0.0445, 1069,   1.5887,  -0.3681,   0.4141,
  180, 1081, -0.0479,  0.0018, -0.0285, 1081,   1.6108,  -0.0839,   0.3694,
  180, 1093, -0.0362, -0.0338,  0.0042, 1093,   1.4807,   0.3897,   0.0783,
  180, 1105, -0.0059, -0.0557,  0.0681, 1105,   1.2660,   0.6959,  -0.6679,
  180, 1117, -0.0093, -0.0403,  0.0594, 1117,   1.5512,   0.8114,  -0.5789,
  180, 1129, -0.0414, -0.0495,  0.0214, 1129,   2.1125,   1.1651,  -0.0317,
  180, 1141,  0.0092, -0.0418,  0.0261, 1141,   1.7142,   1.1981,  -0.2346,
  180, 1153,  0.0281, -0.0444,  0.0327, 1153,   1.8198,   1.4518,  -0.3567,
  180, 1165,  0.0862, -0.0445,  0.0269, 1165,   1.4293,   1.6115,  -0.4438,
  204,  373, -0.2915, -0.3173, -0.0789,  373,   1.1867,   0.5406,  -1.6092,
  204,  385, -0.2590, -0.3401, -0.0555,  385,   0.9864,   0.8500,  -1.9645,
  204,  397, -0.2234, -0.3244, -0.0574,  397,   0.6198,   0.7983,  -2.0328,
  204,  409, -0.2107, -0.3293, -0.0936,  409,   0.6520,   0.9351,  -1.7632,
  204,  421, -0.2376, -0.3598, -0.1442,  421,   1.0455,   1.2282,  -1.1797,
  204,  433, -0.2732, -0.3623, -0.1750,  433,   1.4866,   1.3588,  -0.7159,
  204,  445, -0.2419, -0.3398, -0.2044,  445,   1.1941,   1.2084,  -0.4892,
  204,  457, -0.2092, -0.3211, -0.2492,  457,   1.0169,   1.2698,  -0.1673,
  204,  469, -0.1956, -0.3042, -0.2959,  469,   0.9682,   1.2263,   0.3074,
  204,  481, -0.1837, -0.2640, -0.3264,  481,   0.9584,   0.9807,   0.6441,
  204,  493, -0.1883, -0.2495, -0.3324,  493,   1.1874,   0.8474,   0.8027,
  204,  505, -0.1995, -0.2049, -0.3314,  505,   1.4733,   0.4898,   0.9338,
  204,  517, -0.1818, -0.2236, -0.3440,  517,   1.4649,   0.8269,   1.0837,
  204,  529, -0.1676, -0.2582, -0.3690,  529,   1.5102,   1.3073,   1.3726,
  204,  541, -0.1511, -0.2625, -0.3532,  541,   1.5391,   1.3833,   1.2982,
  204,  553, -0.1428, -0.2179, -0.3349,  553,   1.6068,   1.0150,   1.2640,
  204,  565, -0.1533, -0.1983, -0.3186,  565,   1.8279,   0.9522,   1.3219,
  204,  577, -0.1508, -0.1880, -0.2915,  577,   2.0158,   0.9096,   1.1867,
  204,  589, -0.1271, -0.1899, -0.2590,  589,   1.8502,   1.0782,   0.9864,
  204,  601, -0.0580, -0.1936, -0.2234,  601,   1.1688,   1.3311,   0.6198,
  204,  613, -0.0337, -0.1877, -0.2107,  613,   0.8781,   1.4094,   0.6520,
  204,  625, -0.0138, -0.1681, -0.2376,  625,   0.6166,   1.4231,   1.0455,
  204,  637,  0.0135, -0.1642, -0.2732,  637,   0.2655,   1.5825,   1.4866,
  204,  649,  0.0819, -0.1427, -0.2419,  649,  -0.5402,   1.5684,   1.1941,
  204,  661,  0.1013, -0.1512, -0.2092,  661,  -0.7608,   1.7213,   1.0169,
  204,  673,  0.1230, -0.1496, -0.1956,  673,  -0.9597,   1.9173,   0.9682,
  204,  685,  0.1309, -0.1357, -0.1837,  685,  -0.9612,   1.8874,   0.9584,
  204,  697,  0.1400, -0.0889, -0.1883,  697,  -1.2046,   1.5017,   1.1874,
  204,  709,  0.1436, -0.0375, -0.1995,  709,  -1.4059,   0.9574,   1.4733,
  204,  721,  0.1543, -0.0218, -0.1818,  721,  -1.7154,   0.7496,   1.4649,
  204,  733,  0.1235, -0.0049, -0.1676,  733,  -1.3982,   0.4933,   1.5102,
  204,  745,  0.0811,  0.0473, -0.1511,  745,  -0.9242,  -0.1280,   1.5391,
  204,  757,  0.0462,  0.1046, -0.1428,  757,  -0.5602,  -0.8335,   1.6068,
  204,  769,  0.0165,  0.1112, -0.1533,  769,  -0.2886,  -0.8342,   1.8279,
  204,  781, -0.0463,  0.1330, -0.1508,  781,   0.3578,  -0.9887,   2.0158,
  204,  793, -0.0785,  0.1451, -0.1271,  793,   0.7598,  -1.1882,   1.8502,
  204,  805, -0.0905,  0.1416, -0.0580,  805,   1.0109,  -1.3028,   1.1688,
  204,  817, -0.0696,  0.1584, -0.0337,  817,   0.6873,  -1.6547,   0.8781,
  204,  829, -0.0562,  0.1443, -0.0138,  829,   0.5065,  -1.6344,   0.6166,
  204,  841, -0.0412,  0.0972,  0.0135,  841,   0.3560,  -1.0941,   0.2655,
  204,  853, -0.0057,  0.0541,  0.0819,  853,   0.0342,  -0.6345,  -0.5402,
  204,  865, -0.0007,  0.0393,  0.1013,  865,  -0.0309,  -0.5145,  -0.7608,
  204,  877, -0.0193, -0.0212,  0.1230,  877,   0.2198,   0.1198,  -0.9597,
  204,  889, -0.0505, -0.0585,  0.1309,  889,   0.5329,   0.5267,  -0.9612,
  204,  901, -0.0183, -0.0874,  0.1400,  901,   0.1849,   0.8870,  -1.2046,
  204,  913,  0.0101, -0.0844,  0.1436,  913,  -0.0477,   0.9127,  -1.4059,
  204,  925,  0.0438, -0.0651,  0.1543,  925,  -0.2153,   0.5978,  -1.7154,
  204,  937,  0.0522, -0.0512,  0.1235,  937,  -0.4221,   0.4526,  -1.3982,
  204,  949,  0.0372, -0.0244,  0.0811,  949,  -0.3358,   0.1982,  -0.9242,
  204,  961,  0.0386,  0.0132,  0.0462,  961,  -0.4659,  -0.1529,  -0.5602,
  204,  973,  0.0237, -0.0111,  0.0165,  973,  -0.2041,   0.0790,  -0.2886,
  204,  985,  0.0021, -0.0436, -0.0463,  985,   0.0344,   0.4819,   0.3578,
  204,  997, -0.0356, -0.0282, -0.0785,  997,   0.5100,   0.2851,   0.7598,
  204, 1009, -0.0839, -0.0006, -0.0905, 1009,   1.1236,  -0.0021,   1.0109,
  204, 1021, -0.0702,  0.0225, -0.0696, 1021,   1.2183,  -0.0397,   0.6873,
  204, 1033, -0.0528,  0.0566, -0.0562, 1033,   1.1428,  -0.4100,   0.5065,
  204, 1045, -0.0588,  0.0362, -0.0412, 1045,   1.4234,  -0.2710,   0.3560,
  204, 1057, -0.0416,  0.0347, -0.0057, 1057,   1.2854,  -0.3885,   0.0342,
  204, 1069, -0.0194,  0.0333, -0.0007, 1069,   1.0813,  -0.3394,  -0.0309,
  204, 1081, -0.0286,  0.0053, -0.0193, 1081,   1.2388,  -0.0113,   0.2198,
  204, 1093, -0.0409, -0.0137, -0.0505, 1093,   1.5612,   0.2129,   0.5329,
  204, 1105, -0.0232, -0.0559, -0.0183, 1105,   1.5983,   0.7972,   0.1849,
  204, 1117, -0.0100, -0.0871,  0.0101, 1117,   1.5745,   1.2924,  -0.0477,
  204, 1129, -0.0417, -0.0557,  0.0438, 1129,   2.1067,   1.1120,  -0.2153,
  204, 1141, -0.0021, -0.0579,  0.0522, 1141,   1.9374,   1.3188,  -0.4221,
  204, 1153,  0.0426, -0.0524,  0.0372, 1153,   1.5629,   1.4039,  -0.3358,
  204, 1165,  0.1080, -0.0289,  0.0386, 1165,   1.0211,   1.1703,  -0.4659,
  228,  373, -0.2761, -0.2918, -0.1294,  373,   0.9317,   0.3445,  -0.9718,
  228,  385, -0.2538, -0.3255, -0.1075,  385,   0.8830,   0.6798,  -1.2591,
  228,  397, -0.2413, -0.3430, -0.0858,  397,   0.9178,   0.8991,  -1.4973,
  228,  409, -0.2242, -0.3208, -0.0759,  409,   0.8816,   0.7425,  -1.6232,
  228,  421, -0.2284, -0.3249, -0.0986,  421,   0.8996,   0.8572,  -1.3493,
  228,  433, -0.2592, -0.3535, -0.1515,  433,   1.2434,   1.1249,  -0.7886,
  228,  445, -0.2402, -0.3667, -0.1761,  445,   1.1654,   1.4228,  -0.6278,
  228,  457, -0.2084, -0.3505, -0.1752,  457,   1.0012,   1.3951,  -0.7076,
  228,  469, -0.2066, -0.3204, -0.2099,  469,   1.1441,   1.2607,  -0.4040,
  228,  481, -0.2018, -0.2940, -0.2616,  481,   1.2637,   1.0631,   0.0434,
  228,  493, -0.1992, -0.2516, -0.3051,  493,   1.3704,   0.7710,   0.4642,
  228,  505, -0.2056, -0.2565, -0.3379,  505,   1.5717,   0.9590,   0.8390,
  228,  517, -0.1899, -0.2275, -0.3351,  517,   1.6016,   0.8725,   0.8536,
  228,  529, -0.1718, -0.2271, -0.3251,  529,   1.5851,   0.8956,   0.8245,
  228,  541, -0.1501, -0.2424, -0.3374,  541,   1.5245,   1.0408,   0.9718,
  228,  553, -0.1469, -0.2539, -0.3650,  553,   1.6731,   1.2347,   1.3002,
  228,  565, -0.1456, -0.2158, -0.3632,  565,   1.7079,   0.9845,   1.4618,
  228,  577, -0.1157, -0.2015, -0.3423,  577,   1.4308,   1.0018,   1.3955,
  228,  589, -0.0852, -0.2072, -0.3156,  589,   1.1460,   1.2306,   1.2708,
  228,  601, -0.0245, -0.2034, -0.2761,  601,   0.6059,   1.3135,   0.9317,
  228,  613, -0.0015, -0.2010, -0.2538,  613,   0.3394,   1.4547,   0.8830,
  228,  625,  0.0239, -0.1999, -0.2413,  625,  -0.0145,   1.6155,   0.9178,
  228,  637,  0.0371, -0.1788, -0.2242,  637,  -0.1452,   1.6038,   0.8816,
  228,  649,  0.0764, -0.1614, -0.2284,  649,  -0.4525,   1.5399,   0.8996,
  228,  661,  0.0819, -0.1433, -0.2592,  661,  -0.4344,   1.5711,   1.2434,
  228,  673,  0.1161, -0.1497, -0.2402,  673,  -0.8302,   1.7037,   1.1654,
  228,  685,  0.1450, -0.1287, -0.2084,  685,  -1.1990,   1.5733,   1.0012,
  228,  697,  0.1551, -0.0998, -0.2066,  697,  -1.4567,   1.2900,   1.1441,
  228,  709,  0.1340, -0.0511, -0.2018,  709,  -1.2609,   0.8632,   1.2637,
  228,  721,  0.1134, -0.0058, -0.1992,  721,  -1.0295,   0.4239,   1.3704,
  228,  733,  0.0884,  0.0144, -0.2056,  733,  -0.8000,   0.1408,   1.5717,
  228,  745,  0.0615,  0.0340, -0.1899,  745,  -0.5901,  -0.1614,   1.6016,
  228,  757,  0.0291,  0.0550, -0.1718,  757,  -0.2747,  -0.2708,   1.5851,
  228,  769, -0.0048,  0.0813, -0.1501,  769,   0.0716,  -0.4403,   1.5245,
  228,  781, -0.0633,  0.1020, -0.1469,  781,   0.6423,  -0.6711,   1.6731,
  228,  793, -0.0647,  0.1387, -0.1456,  793,   0.5427,  -1.0776,   1.7079,
  228,  805, -0.0561,  0.1577, -0.1157,  805,   0.4270,  -1.3969,   1.4308,
  228,  817, -0.0515,  0.1472, -0.0852,  817,   0.3787,  -1.4036,   1.1460,
  228,  829, -0.0464,  0.1285, -0.0245,  829,   0.3394,  -1.1651,   0.6059,
  228,  841, -0.0342,  0.1004, -0.0015,  841,   0.2371,  -0.8922,   0.3394,
  228,  853, -0.0119,  0.0746,  0.0239,  853,   0.1319,  -0.7081,  -0.0145,
  228,  865, -0.0113,  0.0360,  0.0371,  865,   0.1495,  -0.3343,  -0.1452,
  228,  877, -0.0120,  0.0170,  0.0764,  877,   0.1023,  -0.1383,  -0.4525,
  228,  889, -0.0398, -0.0341,  0.0819,  889,   0.3433,   0.3371,  -0.4344,
  228,  901, -0.0309, -0.0625,  0.1161,  901,   0.3909,   0.6004,  -0.8302,
  228,  913,  0.0094, -0.0632,  0.1450,  913,  -0.0207,   0.4920,  -1.1990,
  228,  925,  0.0563, -0.0552,  0.1551,  925,  -0.4290,   0.4130,  -1.4567,
  228,  937,  0.0614, -0.0524,  0.1340,  937,  -0.5722,   0.3815,  -1.2609,
  228,  949,  0.0294, -0.0417,  0.1134,  949,  -0.2183,   0.2926,  -1.0295,
  228,  961,  0.0156, -0.0222,  0.0884,  961,  -0.0733,   0.1584,  -0.8000,
  228,  973,  0.0035, -0.0009,  0.0615,  973,   0.1300,   0.0795,  -0.5901,
  228,  985, -0.0261, -0.0128,  0.0291,  985,   0.5069,   0.1193,  -0.2747,
  228,  997, -0.0625, -0.0266, -0.0048,  997,   0.9646,   0.1952,   0.0716,
  228, 1009, -0.0922, -0.0371, -0.0633, 1009,   1.2709,   0.4222,   0.6423,
  228, 1021, -0.0791, -0.0100, -0.0647, 1021,   1.3613,   0.1681,   0.5427,
  228, 1033, -0.0547,  0.0309, -0.0561, 1033,   1.1881,  -0.1822,   0.4270,
  228, 1045, -0.0361,  0.0666, -0.0515, 1045,   1.0434,  -0.5751,   0.3787,
  228, 1057, -0.0274,  0.0393, -0.0464, 1057,   1.0426,  -0.3354,   0.3394,
  228, 1069, -0.0281,  0.0171, -0.0342, 1069,   1.2211,  -0.0976,   0.2371,
  228, 1081, -0.0449,  0.0163, -0.0119, 1081,   1.5155,  -0.0503,   0.1319,
  228, 1093, -0.0415, -0.0191, -0.0113, 1093,   1.5779,   0.3925,   0.1495,
  228, 1105, -0.0290, -0.0480, -0.0120, 1105,   1.6875,   0.7891,   0.1023,
  228, 1117, -0.0223, -0.0704, -0.0398, 1117,   1.7868,   1.0480,   0.3433,
  228, 1129, -0.0255, -0.0933, -0.0309, 1129,   1.8468,   1.3905,   0.3909,
  228, 1141,  0.0233, -0.0664,  0.0094, 1141,   1.5129,   1.2958,  -0.0207,
  228, 1153,  0.0549, -0.0454,  0.0563, 1153,   1.3538,   1.1176,  -0.4290,
  228, 1165,  0.0986, -0.0331,  0.0614, 1165,   1.1744,   1.0720,  -0.5722,
  252,  373, -0.2889, -0.2525, -0.1472,  373,   1.1235,   0.0732,  -0.7109,
  252,  385, -0.2636, -0.3003, -0.1302,  385,   1.0335,   0.4732,  -0.9252,
  252,  397, -0.2343, -0.3237, -0.1285,  397,   0.8188,   0.6563,  -0.9899,
  252,  409, -0.2181, -0.3393, -0.1181,  409,   0.7832,   0.8396,  -1.0995,
  252,  421, -0.2303, -0.3205, -0.1174,  421,   0.9288,   0.7399,  -1.0268,
  252,  433, -0.2560, -0.3346, -0.1275,  433,   1.1916,   0.9966,  -0.8426,
  252,  445, -0.2478, -0.3645, -0.1301,  445,   1.2748,   1.2956,  -0.8614,
  252,  457, -0.2247, -0.3644, -0.1527,  457,   1.2464,   1.3901,  -0.7680,
  252,  469, -0.2171, -0.3393, -0.1826,  469,   1.3033,   1.2320,  -0.5358,
  252,  481, -0.2098, -0.3059, -0.1928,  481,   1.3807,   1.0399,  -0.4411,
  252,  493, -0.2077, -0.2978, -0.2265,  493,   1.5006,   1.1161,  -0.1508,
  252,  505, -0.2088, -0.2693, -0.2792,  505,   1.6232,   1.0404,   0.3094,
  252,  517, -0.1884, -0.2583, -0.3117,  517,   1.5788,   0.9926,   0.5669,
  252,  529, -0.1758, -0.2178, -0.3332,  529,   1.6424,   0.7260,   0.7647,
  252,  541, -0.1466, -0.2247, -0.3316,  541,   1.4782,   0.8568,   0.7989,
  252,  553, -0.1187, -0.2404, -0.3276,  553,   1.2500,   1.0139,   0.8580,
  252,  565, -0.1087, -0.2536, -0.3503,  565,   1.1501,   1.2261,   1.1643,
  252,  577, -0.0820, -0.2325, -0.3716,  577,   0.9209,   1.2365,   1.4041,
  252,  589, -0.0525, -0.2149, -0.3588,  589,   0.6525,   1.2106,   1.3952,
  252,  601,  0.0101, -0.2151, -0.3258,  601,   0.0857,   1.3499,   1.1489,
  252,  613,  0.0212, -0.2158, -0.3073,  613,  -0.0148,   1.5006,   1.1339,
  252,  625,  0.0248, -0.2106, -0.2889,  625,  -0.0321,   1.5997,   1.1235,
  252,  637,  0.0263, -0.1970, -0.2636,  637,   0.0172,   1.5747,   1.0335,
  252,  649,  0.0755, -0.1789, -0.2343,  649,  -0.4312,   1.5991,   0.8188,
  252,  661,  0.1009, -0.1621, -0.2181,  661,  -0.7226,   1.5561,   0.7832,
  252,  673,  0.1343, -0.1282, -0.2303,  673,  -1.1045,   1.3481,   0.9288,
  252,  685,  0.1388, -0.1189, -0.2560,  685,  -1.1174,   1.2424,   1.1916,
  252,  697,  0.1205, -0.0932, -0.2478,  697,  -0.9345,   1.0336,   1.2748,
  252,  709,  0.1032, -0.0669, -0.2247,  709,  -0.7896,   0.7913,   1.2464,
  252,  721,  0.0941, -0.0164, -0.2171,  721,  -0.7347,   0.3392,   1.3033,
  252,  733,  0.0699,  0.0292, -0.2098,  733,  -0.5225,  -0.1056,   1.3807,
  252,  745,  0.0385,  0.0247, -0.2077,  745,  -0.2400,  -0.0244,   1.5006,
  252,  757,  0.0063,  0.0202, -0.2088,  757,   0.0687,   0.0482,   1.6232,
  252,  769, -0.0002,  0.0528, -0.1884,  769,   0.0140,  -0.2327,   1.5788,
  252,  781, -0.0358,  0.0926, -0.1758,  781,   0.2232,  -0.6069,   1.6424,
  252,  793, -0.0497,  0.1195, -0.1466,  793,   0.3122,  -0.9331,   1.4782,
  252,  805, -0.0480,  0.1465, -0.1187,  805,   0.3025,  -1.2014,   1.2500,
  252,  817, -0.0448,  0.1333, -0.1087,  817,   0.2768,  -1.0376,   1.1501,
  252,  829, -0.0486,  0.1094, -0.0820,  829,   0.3673,  -0.8295,   0.9209,
  252,  841, -0.0408,  0.1068, -0.0525,  841,   0.3388,  -0.8332,   0.6525,
  252,  853, -0.0063,  0.0809,  0.0101,  853,   0.0498,  -0.6004,   0.0857,
  252,  865, -0.0056,  0.0518,  0.0212,  865,   0.0573,  -0.3631,  -0.0148,
  252,  877, -0.0245,  0.0190,  0.0248,  877,   0.2878,  -0.0777,  -0.0321,
  252,  889, -0.0363,  0.0056,  0.0263,  889,   0.3007,   0.0391,   0.0172,
  252,  901, -0.0125, -0.0184,  0.0755,  901,   0.1096,   0.1080,  -0.4312,
  252,  913,  0.0225, -0.0391,  0.1009,  913,  -0.2157,   0.2407,  -0.7226,
  252,  925,  0.0483, -0.0526,  0.1343,  925,  -0.3182,   0.3308,  -1.1045,
  252,  937,  0.0389, -0.0469,  0.1388,  937,  -0.2275,   0.2877,  -1.1174,
  252,  949,  0.0108, -0.0482,  0.1205,  949,   0.0602,   0.3170,  -0.9345,
  252,  961, -0.0115, -0.0495,  0.1032,  961,   0.3352,   0.4075,  -0.7896,
  252,  973, -0.0256, -0.0230,  0.0941,  973,   0.5720,   0.1777,  -0.7347,
  252,  985, -0.0409,  0.0102,  0.0699,  985,   0.7358,  -0.0886,  -0.5225,
  252,  997, -0.0736, -0.0228,  0.0385,  997,   1.1279,   0.2605,  -0.2400,
  252, 1009, -0.0926, -0.0333,  0.0063, 1009,   1.2881,   0.3048,   0.0687,
  252, 1021, -0.0589, -0.0241, -0.0002, 1021,   1.0577,   0.2255,   0.0140,
  252, 1033, -0.0426,  0.0058, -0.0358, 1033,   1.0034,  -0.0683,   0.2232,
  252, 1045, -0.0444,  0.0351, -0.0497, 1045,   1.1647,  -0.2545,   0.3122,
  252, 1057, -0.0446,  0.0484, -0.0480, 1057,   1.3046,  -0.3028,   0.3025,
  252, 1069, -0.0326,  0.0236, -0.0448, 1069,   1.2950,  -0.0960,   0.2768,
  252, 1081, -0.0510, -0.0062, -0.0486, 1081,   1.6035,   0.2492,   0.3673,
  252, 1093, -0.0528, -0.0183, -0.0408, 1093,   1.7527,   0.4714,   0.3388,
  252, 1105, -0.0190, -0.0372, -0.0063, 1105,   1.5457,   0.6704,   0.0498,
  252, 1117, -0.0008, -0.0593, -0.0056, 1117,   1.4645,   0.9572,   0.0573,
  252, 1129, -0.0109, -0.0812, -0.0245, 1129,   1.6244,   1.2135,   0.2878,
  252, 1141,  0.0203, -0.0810, -0.0363, 1141,   1.5551,   1.2122,   0.3007,
  252, 1153,  0.0557, -0.0498, -0.0125, 1153,   1.3492,   1.0389,   0.1096,
  252, 1165,  0.0927, -0.0421,  0.0225, 1165,   1.2559,   1.0625,  -0.2157,
  276,  373, -0.2802, -0.2209, -0.1275,  373,   1.0082,  -0.0944,  -0.7449,
  276,  385, -0.2561, -0.2580, -0.1280,  385,   0.9258,   0.1509,  -0.8238,
  276,  397, -0.2369, -0.3018, -0.1431,  397,   0.8551,   0.4911,  -0.7684,
  276,  409, -0.2203, -0.3246, -0.1362,  409,   0.8122,   0.6690,  -0.8439,
  276,  421, -0.2401, -0.3483, -0.1517,  421,   1.0589,   0.9581,  -0.6760,
  276,  433, -0.2688, -0.3351, -0.1598,  433,   1.3680,   0.9444,  -0.5270,
  276,  445, -0.2560, -0.3375, -0.1430,  445,   1.3873,   1.0379,  -0.6671,
  276,  457, -0.2322, -0.3554, -0.1292,  457,   1.3472,   1.1758,  -0.8174,
  276,  469, -0.2258, -0.3495, -0.1387,  469,   1.4236,   1.1842,  -0.7476,
  276,  481, -0.2150, -0.3408, -0.1697,  481,   1.4549,   1.2488,  -0.5337,
  276,  493, -0.2075, -0.3193, -0.1995,  493,   1.4981,   1.2247,  -0.3025,
  276,  505, -0.2120, -0.2977, -0.2146,  505,   1.6647,   1.1195,  -0.1410,
  276,  517, -0.1846, -0.2584, -0.2398,  517,   1.5320,   0.8912,   0.0342,
  276,  529, -0.1500, -0.2548, -0.2809,  529,   1.2916,   0.9428,   0.3314,
  276,  541, -0.1151, -0.2196, -0.3118,  541,   1.0452,   0.7532,   0.5674,
  276,  553, -0.0896, -0.2287, -0.3361,  553,   0.8506,   0.9097,   0.8021,
  276,  565, -0.0784, -0.2556, -0.3454,  565,   0.7346,   1.2225,   0.9868,
  276,  577, -0.0464, -0.2635, -0.3388,  577,   0.4344,   1.3665,   1.0160,
  276,  589, -0.0275, -0.2398, -0.3498,  589,   0.3022,   1.3355,   1.1567,
  276,  601,  0.0122, -0.2276, -0.3563,  601,   0.0539,   1.3842,   1.1961,
  276,  613,  0.0128, -0.2252, -0.3495,  613,   0.1012,   1.4885,   1.2587,
  276,  625,  0.0287, -0.2145, -0.3351,  625,  -0.0789,   1.4851,   1.2753,
  276,  637,  0.0492, -0.2107, -0.3135,  637,  -0.2977,   1.5962,   1.2207,
  276,  649,  0.0970, -0.1974, -0.2802,  649,  -0.7251,   1.5832,   1.0082,
  276,  661,  0.1009, -0.1647, -0.2561,  661,  -0.7317,   1.4082,   0.9258,
  276,  673,  0.1064, -0.1354, -0.2369,  673,  -0.7225,   1.1913,   0.8551,
  276,  685,  0.1119, -0.0980, -0.2203,  685,  -0.7435,   0.9303,   0.8122,
  276,  697,  0.1036, -0.0889, -0.2401,  697,  -0.7015,   0.8309,   1.0589,
  276,  709,  0.0863, -0.0592, -0.2688,  709,  -0.5588,   0.5669,   1.3680,
  276,  721,  0.0711, -0.0302, -0.2560,  721,  -0.4173,   0.2876,   1.3873,
  276,  733,  0.0460, -0.0044, -0.2322,  733,  -0.1942,   0.1667,   1.3472,
  276,  745,  0.0389,  0.0170, -0.2258,  745,  -0.2375,   0.0619,   1.4236,
  276,  757,  0.0252,  0.0254, -0.2150,  757,  -0.1936,  -0.0298,   1.4549,
  276,  769,  0.0076,  0.0362, -0.2075,  769,  -0.0955,  -0.1688,   1.4981,
  276,  781, -0.0306,  0.0741, -0.2120,  781,   0.1513,  -0.5227,   1.6647,
  276,  793, -0.0443,  0.1054, -0.1846,  793,   0.2372,  -0.7861,   1.5320,
  276,  805, -0.0504,  0.1025, -0.1500,  805,   0.3312,  -0.7065,   1.2916,
  276,  817, -0.0506,  0.1138, -0.1151,  817,   0.3567,  -0.7508,   1.0452,
  276,  829, -0.0407,  0.1146, -0.0896,  829,   0.2620,  -0.7778,   0.8506,
  276,  841, -0.0332,  0.0921, -0.0784,  841,   0.2291,  -0.5949,   0.7346,
  276,  853, -0.0184,  0.0843, -0.0464,  853,   0.2130,  -0.5235,   0.4344,
  276,  865, -0.0058,  0.0621, -0.0275,  865,   0.0682,  -0.3426,   0.3022,
  276,  877, -0.0087,  0.0386,  0.0122,  877,   0.0686,  -0.1772,   0.0539,
  276,  889, -0.0205,  0.0287,  0.0128,  889,   0.0863,  -0.2043,   0.1012,
  276,  901, -0.0135,  0.0208,  0.0287,  901,   0.1163,  -0.1745,  -0.0789,
  276,  913,  0.0058, -0.0131,  0.0492,  913,   0.0165,   0.0340,  -0.2977,
  276,  925,  0.0299, -0.0335,  0.0970,  925,  -0.0691,   0.1633,  -0.7251,
  276,  937,  0.0120, -0.0493,  0.1009,  937,   0.1407,   0.2841,  -0.7317,
  276,  949, -0.0171, -0.0542,  0.1064,  949,   0.4434,   0.3848,  -0.7225,
  276,  961, -0.0273, -0.0473,  0.1119,  961,   0.5555,   0.3095,  -0.7435,
  276,  973, -0.0404, -0.0355,  0.1036,  973,   0.7710,   0.2142,  -0.7015,
  276,  985, -0.0477, -0.0312,  0.0863,  985,   0.8365,   0.2846,  -0.5588,
  276,  997, -0.0578,  0.0005,  0.0711,  997,   0.9114,   0.0498,  -0.4173,
  276, 1009, -0.0803, -0.0127,  0.0460, 1009,   1.1163,   0.1215,  -0.1942,
  276, 1021, -0.0663, -0.0172,  0.0389, 1021,   1.1566,   0.0853,  -0.2375,
  276, 1033, -0.0590, -0.0154,  0.0252, 1033,   1.2301,   0.0994,  -0.1936,
  276, 1045, -0.0494, -0.0051,  0.0076, 1045,   1.2364,   0.0791,  -0.0955,
  276, 1057, -0.0526,  0.0216, -0.0306, 1057,   1.4106,  -0.0673,   0.1513,
  276, 1069, -0.0464,  0.0245, -0.0443, 1069,   1.4877,   0.0208,   0.2372,
  276, 1081, -0.0430, -0.0089, -0.0504, 1081,   1.4995,   0.3504,   0.3312,
  276, 1093, -0.0332, -0.0246, -0.0506, 1093,   1.4868,   0.5057,   0.3567,
  276, 1105, -0.0089, -0.0324, -0.0407, 1105,   1.4057,   0.6627,   0.2620,
  276, 1117, -0.0042, -0.0516, -0.0332, 1117,   1.5088,   0.8696,   0.2291,
  276, 1129, -0.0071, -0.0532, -0.0184, 1129,   1.5784,   0.8777,   0.2130,
  276, 1141,  0.0193, -0.0667, -0.0058, 1141,   1.5626,   1.0112,   0.0682,
  276, 1153,  0.0300, -0.0767, -0.0087, 1153,   1.6999,   1.1496,   0.0686,
  276, 1165,  0.0765, -0.0626, -0.0205, 1165,   1.4857,   1.2111,   0.0863,
  300,  373, -0.2804, -0.2142, -0.1305,  373,   1.0111,  -0.1229,  -0.6397,
  300,  385, -0.2565, -0.2289, -0.1300,  385,   0.9292,   0.0041,  -0.7131,
  300,  397, -0.2468, -0.2647, -0.1241,  397,   0.9756,   0.2367,  -0.7895,
  300,  409, -0.2367, -0.3142, -0.1324,  409,   1.0183,   0.6432,  -0.7688,
  300,  421, -0.2503, -0.3391, -0.1621,  421,   1.1876,   0.8549,  -0.5345,
  300,  433, -0.2744, -0.3515, -0.1720,  433,   1.4361,   0.9989,  -0.3934,
  300,  445, -0.2631, -0.3308, -0.1716,  445,   1.4771,   0.8940,  -0.4201,
  300,  457, -0.2375, -0.3278, -0.1577,  457,   1.4158,   0.9149,  -0.5522,
  300,  469, -0.2265, -0.3575, -0.1486,  469,   1.4331,   1.1984,  -0.5998,
  300,  481, -0.2199, -0.3603, -0.1456,  481,   1.5148,   1.3211,  -0.6110,
  300,  493, -0.2051, -0.3392, -0.1569,  493,   1.4711,   1.2328,  -0.5174,
  300,  505, -0.1878, -0.3070, -0.1911,  505,   1.3626,   1.0709,  -0.2638,
  300,  517, -0.1546, -0.2929, -0.2136,  517,   1.1550,   1.0575,  -0.1227,
  300,  529, -0.1224, -0.2582, -0.2214,  529,   0.9447,   0.8909,  -0.0566,
  300,  541, -0.0881, -0.2574, -0.2461,  541,   0.7063,   0.9740,   0.1133,
  300,  553, -0.0574, -0.2368, -0.2887,  553,   0.4468,   0.9689,   0.4272,
  300,  565, -0.0540, -0.2418, -0.3274,  565,   0.4229,   1.0768,   0.7622,
  300,  577, -0.0403, -0.2626, -0.3473,  577,   0.3559,   1.3099,   0.9456,
  300,  589, -0.0316, -0.2734, -0.3469,  589,   0.3533,   1.4914,   1.0057,
  300,  601,  0.0167, -0.2493, -0.3291,  601,   0.0019,   1.4556,   0.8960,
  300,  613,  0.0350, -0.2278, -0.3438,  613,  -0.1795,   1.3883,   1.0751,
  300,  625,  0.0527, -0.2265, -0.3644,  625,  -0.3806,   1.5014,   1.2968,
  300,  637,  0.0544, -0.2160, -0.3538,  637,  -0.3697,   1.5061,   1.3145,
  300,  649,  0.0755, -0.1976, -0.3253,  649,  -0.4555,   1.4348,   1.1552,
  300,  661,  0.0803, -0.1721, -0.3042,  661,  -0.4696,   1.2683,   1.1006,
  300,  673,  0.0932, -0.1358, -0.2804,  673,  -0.5556,   1.0431,   1.0111,
  300,  685,  0.0967, -0.1080, -0.2565,  685,  -0.5539,   0.8473,   0.9292,
  300,  697,  0.0826, -0.0675, -0.2468,  697,  -0.4357,   0.5482,   0.9756,
  300,  709,  0.0636, -0.0544, -0.2367,  709,  -0.2740,   0.3956,   1.0183,
  300,  721,  0.0692, -0.0453, -0.2503,  721,  -0.3881,   0.3859,   1.1876,
  300,  733,  0.0605, -0.0369, -0.2744,  733,  -0.3792,   0.3724,   1.4361,
  300,  745,  0.0432, -0.0016, -0.2631,  745,  -0.2941,   0.1339,   1.4771,
  300,  757,  0.0252,  0.0320, -0.2375,  757,  -0.1940,  -0.1246,   1.4158,
  300,  769,  0.0078,  0.0475, -0.2265,  769,  -0.0989,  -0.3060,   1.4331,
  300,  781, -0.0346,  0.0533, -0.2199,  781,   0.1979,  -0.3866,   1.5148,
  300,  793, -0.0501,  0.0632, -0.2051,  793,   0.3114,  -0.3913,   1.4711,
  300,  805, -0.0435,  0.0798, -0.1878,  805,   0.2473,  -0.4626,   1.3626,
  300,  817, -0.0432,  0.0889, -0.1546,  817,   0.2602,  -0.5337,   1.1550,
  300,  829, -0.0495,  0.0987, -0.1224,  829,   0.3699,  -0.5631,   0.9447,
  300,  841, -0.0314,  0.0943, -0.0881,  841,   0.2134,  -0.5215,   0.7063,
  300,  853, -0.0045,  0.0747, -0.0574,  853,   0.0365,  -0.3763,   0.4468,
  300,  865,  0.0061,  0.0700, -0.0540,  865,  -0.0801,  -0.3411,   0.4229,
  300,  877, -0.0101,  0.0679, -0.0403,  877,   0.0802,  -0.4108,   0.3559,
  300,  889, -0.0325,  0.0503, -0.0316,  889,   0.2402,  -0.3278,   0.3533,
  300,  901, -0.0255,  0.0301,  0.0167,  901,   0.2645,  -0.2221,   0.0019,
  300,  913, -0.0163,  0.0212,  0.0350,  913,   0.2933,  -0.1790,  -0.1795,
  300,  925,  0.0025, -0.0135,  0.0527,  925,   0.2765,   0.0383,  -0.3806,
  300,  937, -0.0051, -0.0417,  0.0544,  937,   0.3580,   0.2645,  -0.3697,
  300,  949, -0.0323, -0.0489,  0.0755,  949,   0.6318,   0.2831,  -0.4555,
  300,  961, -0.0358, -0.0414,  0.0803,  961,   0.6687,   0.2233,  -0.4696,
  300,  973, -0.0298, -0.0533,  0.0932,  973,   0.6393,   0.3805,  -0.5556,
  300,  985, -0.0414, -0.0410,  0.0967,  985,   0.7562,   0.2884,  -0.5539,
  300,  997, -0.0664, -0.0215,  0.0826,  997,   1.0180,   0.1616,  -0.4357,
  300, 1009, -0.0942,  0.0125,  0.0636, 1009,   1.2930,  -0.0995,  -0.2740,
  300, 1021, -0.0711, -0.0057,  0.0692, 1021,   1.2192,   0.0291,  -0.3881,
  300, 1033, -0.0673, -0.0255,  0.0605, 1033,   1.3309,   0.1886,  -0.3792,
  300, 1045, -0.0629, -0.0240,  0.0432, 1045,   1.4097,   0.2075,  -0.2941,
  300, 1057, -0.0474, -0.0228,  0.0252, 1057,   1.3507,   0.2977,  -0.1940,
  300, 1069, -0.0314, -0.0083,  0.0078, 1069,   1.3005,   0.3080,  -0.0989,
  300, 1081, -0.0341,  0.0046, -0.0346, 1081,   1.3873,   0.2736,   0.1979,
  300, 1093, -0.0361, -0.0235, -0.0501, 1093,   1.5203,   0.5313,   0.3114,
  300, 1105, -0.0080, -0.0400, -0.0435, 1105,   1.3990,   0.6996,   0.2473,
  300, 1117, -0.0057, -0.0302, -0.0432, 1117,   1.5223,   0.6389,   0.2602,
  300, 1129, -0.0283, -0.0421, -0.0495, 1129,   1.8433,   0.7473,   0.3699,
  300, 1141,  0.0077, -0.0531, -0.0314, 1141,   1.7149,   0.8736,   0.2134,
  300, 1153,  0.0387, -0.0791, -0.0045, 1153,   1.5925,   1.1624,   0.0365,
  300, 1165,  0.0767, -0.0864,  0.0061, 1165,   1.4813,   1.2749,  -0.0801,
  324,  373, -0.2877, -0.2116, -0.1362,  373,   1.0931,  -0.0913,  -0.5381,
  324,  385, -0.2704, -0.2237, -0.1263,  385,   1.0910,  -0.0117,  -0.6548,
  324,  397, -0.2573, -0.2462, -0.1261,  397,   1.0975,   0.2016,  -0.6928,
  324,  409, -0.2460, -0.2835, -0.1328,  409,   1.1248,   0.4570,  -0.6813,
  324,  421, -0.2594, -0.3209, -0.1419,  421,   1.2932,   0.7220,  -0.5856,
  324,  433, -0.2783, -0.3363, -0.1650,  433,   1.4836,   0.8247,  -0.3900,
  324,  445, -0.2631, -0.3428, -0.1791,  445,   1.4776,   0.8978,  -0.3327,
  324,  457, -0.2425, -0.3359, -0.1685,  457,   1.4726,   0.9514,  -0.4331,
  324,  469, -0.2251, -0.3411, -0.1738,  469,   1.4193,   1.0705,  -0.3964,
  324,  481, -0.1991, -0.3567, -0.1698,  481,   1.2751,   1.1924,  -0.4109,
  324,  493, -0.1778, -0.3478, -0.1639,  493,   1.1546,   1.1755,  -0.4218,
  324,  505, -0.1612, -0.3334, -0.1665,  505,   1.0535,   1.1634,  -0.3681,
  324,  517, -0.1280, -0.3048, -0.1727,  517,   0.8477,   1.0466,  -0.3325,
  324,  529, -0.0912, -0.2939, -0.1990,  529,   0.5835,   1.0680,  -0.1740,
  324,  541, -0.0655, -0.2727, -0.2213,  541,   0.4403,   1.0582,  -0.0334,
  324,  553, -0.0516, -0.2689, -0.2332,  553,   0.3774,   1.1091,   0.0787,
  324,  565, -0.0564, -0.2463, -0.2661,  565,   0.4503,   1.0786,   0.3436,
  324,  577, -0.0326, -0.2545, -0.3037,  577,   0.2704,   1.2245,   0.6032,
  324,  589, -0.0077, -0.2719, -0.3315,  589,   0.0758,   1.4178,   0.8098,
  324,  601,  0.0401, -0.2724, -0.3391,  601,  -0.2696,   1.4804,   0.8521,
  324,  613,  0.0414, -0.2508, -0.3430,  613,  -0.2586,   1.4707,   0.9548,
  324,  625,  0.0367, -0.2303, -0.3402,  625,  -0.1951,   1.4200,   1.0237,
  324,  637,  0.0394, -0.2154, -0.3501,  637,  -0.1934,   1.3755,   1.1492,
  324,  649,  0.0663, -0.1933, -0.3550,  649,  -0.3480,   1.2454,   1.1908,
  324,  661,  0.0694, -0.1702, -0.3440,  661,  -0.3439,   1.1163,   1.1975,
  324,  673,  0.0753, -0.1456, -0.3237,  673,  -0.3467,   0.9609,   1.1375,
  324,  685,  0.0756, -0.1060, -0.3025,  685,  -0.3091,   0.6982,   1.0793,
  324,  697,  0.0806, -0.0754, -0.2877,  697,  -0.4074,   0.4691,   1.0931,
  324,  709,  0.0763, -0.0547, -0.2704,  709,  -0.4232,   0.3942,   1.0910,
  324,  721,  0.0716, -0.0594, -0.2573,  721,  -0.4165,   0.4541,   1.0975,
  324,  733,  0.0583, -0.0401, -0.2460,  733,  -0.3541,   0.3284,   1.1248,
  324,  745,  0.0411, -0.0193, -0.2594,  745,  -0.2699,   0.1692,   1.2932,
  324,  757,  0.0175,  0.0210, -0.2783,  757,  -0.1071,  -0.1269,   1.4836,
  324,  769, -0.0017,  0.0485, -0.2631,  769,   0.0118,  -0.3189,   1.4776,
  324,  781, -0.0298,  0.0399, -0.2425,  781,   0.1445,  -0.2227,   1.4726,
  324,  793, -0.0437,  0.0340, -0.2251,  793,   0.2341,  -0.1622,   1.4193,
  324,  805, -0.0519,  0.0543, -0.1991,  805,   0.3422,  -0.2855,   1.2751,
  324,  817, -0.0413,  0.0691, -0.1778,  817,   0.2433,  -0.3403,   1.1546,
  324,  829, -0.0346,  0.0728, -0.1612,  829,   0.1962,  -0.3464,   1.0535,
  324,  841, -0.0185,  0.0829, -0.1280,  841,   0.0651,  -0.3791,   0.8477,
  324,  853, -0.0060,  0.0809, -0.0912,  853,   0.0500,  -0.3638,   0.5835,
  324,  865, -0.0072,  0.0797, -0.0655,  865,   0.0757,  -0.4300,   0.4403,
  324,  877, -0.0217,  0.0791, -0.0516,  877,   0.2133,  -0.4490,   0.3774,
  324,  889, -0.0505,  0.0667, -0.0564,  889,   0.4482,  -0.3979,   0.4503,
  324,  901, -0.0472,  0.0488, -0.0326,  901,   0.5171,  -0.3105,   0.2704,
  324,  913, -0.0304,  0.0267, -0.0077,  913,   0.4594,  -0.1839,   0.0758,
  324,  925, -0.0136,  0.0095,  0.0401,  925,   0.4613,  -0.0447,  -0.2696,
  324,  937, -0.0155, -0.0161,  0.0414,  937,   0.4838,   0.0720,  -0.2586,
  324,  949, -0.0241, -0.0312,  0.0367,  949,   0.5376,   0.1420,  -0.1951,
  324,  961, -0.0319, -0.0548,  0.0394,  961,   0.6221,   0.3472,  -0.1934,
  324,  973, -0.0411, -0.0466,  0.0663,  973,   0.7683,   0.2868,  -0.3480,
  324,  985, -0.0587, -0.0431,  0.0694,  985,   0.9581,   0.2614,  -0.3439,
  324,  997, -0.0726, -0.0270,  0.0753,  997,   1.0921,   0.1272,  -0.3467,
  324, 1009, -0.1012, -0.0144,  0.0756, 1009,   1.3708,   0.0751,  -0.3091,
  324, 1021, -0.0840,  0.0026,  0.0806, 1021,   1.3712,   0.0146,  -0.4074,
  324, 1033, -0.0635, -0.0146,  0.0763, 1033,   1.2907,   0.1324,  -0.4232,
  324, 1045, -0.0499, -0.0407,  0.0716, 1045,   1.2591,   0.3621,  -0.4165,
  324, 1057, -0.0409, -0.0486,  0.0583, 1057,   1.2738,   0.4937,  -0.3541,
  324, 1069, -0.0363, -0.0381,  0.0411, 1069,   1.3549,   0.4778,  -0.2699,
  324, 1081, -0.0336, -0.0223,  0.0175, 1081,   1.3849,   0.4689,  -0.1071,
  324, 1093, -0.0372, -0.0125, -0.0017, 1093,   1.5294,   0.4729,   0.0118,
  324, 1105, -0.0299, -0.0231, -0.0298, 1105,   1.6516,   0.5295,   0.1445,
  324, 1117, -0.0172, -0.0330, -0.0437, 1117,   1.6607,   0.6169,   0.2341,
  324, 1129, -0.0185, -0.0328, -0.0519, 1129,   1.7312,   0.6679,   0.3422,
  324, 1141,  0.0106, -0.0567, -0.0413, 1141,   1.6797,   0.9135,   0.2433,
  324, 1153,  0.0291, -0.0655, -0.0346, 1153,   1.7043,   1.0204,   0.1962,
  324, 1165,  0.0644, -0.0845, -0.0185, 1165,   1.6254,   1.2234,   0.0651,
  348,  373, -0.2962, -0.1914, -0.1275,  373,   1.1841,  -0.1761,  -0.5277,
  348,  385, -0.2782, -0.2289, -0.1297,  385,   1.1742,   0.0928,  -0.5711,
  348,  397, -0.2668, -0.2443, -0.1308,  397,   1.2007,   0.2121,  -0.5977,
  348,  409, -0.2535, -0.2578, -0.1282,  409,   1.2062,   0.3270,  -0.6349,
  348,  421, -0.2617, -0.2857, -0.1416,  421,   1.3178,   0.4823,  -0.5278,
  348,  433, -0.2822, -0.3161, -0.1624,  433,   1.5245,   0.6696,  -0.3629,
  348,  445, -0.2613, -0.3419, -0.1586,  445,   1.4600,   0.8837,  -0.4027,
  348,  457, -0.2235, -0.3555, -0.1618,  457,   1.2695,   1.0355,  -0.4245,
  348,  469, -0.2001, -0.3382, -0.1801,  469,   1.1503,   0.9779,  -0.3237,
  348,  481, -0.1751, -0.3324, -0.1785,  481,   1.0171,   0.9763,  -0.3251,
  348,  493, -0.1529, -0.3517, -0.1858,  493,   0.8871,   1.1372,  -0.2674,
  348,  505, -0.1305, -0.3445, -0.1870,  505,   0.7247,   1.1413,  -0.2251,
  348,  517, -0.1051, -0.3330, -0.1776,  517,   0.5972,   1.1588,  -0.2730,
  348,  529, -0.0840, -0.3165, -0.1750,  529,   0.5050,   1.1726,  -0.2770,
  348,  541, -0.0675, -0.3035, -0.1825,  541,   0.4618,   1.1736,  -0.2278,
  348,  553, -0.0442, -0.2806, -0.2114,  553,   0.3008,   1.1426,  -0.0410,
  348,  565, -0.0328, -0.2804, -0.2418,  565,   0.1960,   1.2331,   0.1857,
  348,  577, -0.0075, -0.2577, -0.2515,  577,  -0.0004,   1.2022,   0.2768,
  348,  589,  0.0015, -0.2567, -0.2750,  589,  -0.0271,   1.2496,   0.4390,
  348,  601,  0.0264, -0.2738, -0.3001,  601,  -0.1225,   1.4361,   0.5661,
  348,  613,  0.0286, -0.2737, -0.3301,  613,  -0.1190,   1.4964,   0.7905,
  348,  625,  0.0311, -0.2408, -0.3500,  625,  -0.1344,   1.3652,   0.9691,
  348,  637,  0.0325, -0.2101, -0.3503,  637,  -0.1198,   1.2042,   1.0345,
  348,  649,  0.0519, -0.1904, -0.3347,  649,  -0.1927,   1.1055,   0.9667,
  348,  661,  0.0521, -0.1687, -0.3428,  661,  -0.1578,   0.9805,   1.0685,
  348,  673,  0.0744, -0.1414, -0.3531,  673,  -0.3333,   0.8067,   1.1709,
  348,  685,  0.0872, -0.1137, -0.3411,  685,  -0.4348,   0.6165,   1.1664,
  348,  697,  0.0826, -0.0921, -0.3290,  697,  -0.4299,   0.5444,   1.1922,
  348,  709,  0.0738, -0.0792, -0.3138,  709,  -0.3959,   0.5102,   1.2009,
  348,  721,  0.0681, -0.0498, -0.2962,  721,  -0.3798,   0.3435,   1.1841,
  348,  733,  0.0492, -0.0419, -0.2782,  733,  -0.2580,   0.2668,   1.1742,
  348,  745,  0.0302, -0.0166, -0.2668,  745,  -0.1514,   0.0766,   1.2007,
  348,  757,  0.0183, -0.0002, -0.2535,  757,  -0.1145,  -0.0381,   1.2062,
  348,  769,  0.0008,  0.0162, -0.2617,  769,  -0.0172,  -0.0781,   1.3178,
  348,  781, -0.0388,  0.0313, -0.2822,  781,   0.2403,  -0.1319,   1.5245,
  348,  793, -0.0423,  0.0334, -0.2613,  793,   0.2234,  -0.1516,   1.4600,
  348,  805, -0.0382,  0.0276, -0.2235,  805,   0.1943,  -0.0944,   1.2695,
  348,  817, -0.0289,  0.0421, -0.2001,  817,   0.1106,  -0.1543,   1.1503,
  348,  829, -0.0341,  0.0568, -0.1751,  829,   0.1872,  -0.2084,   1.0171,
  348,  841, -0.0293,  0.0623, -0.1529,  841,   0.1820,  -0.2315,   0.8871,
  348,  853, -0.0172,  0.0874, -0.1305,  853,   0.1694,  -0.4252,   0.7247,
  348,  865, -0.0260,  0.0891, -0.1051,  865,   0.2779,  -0.4551,   0.5972,
  348,  877, -0.0428,  0.0784, -0.0840,  877,   0.4405,  -0.4165,   0.5050,
  348,  889, -0.0620,  0.0763, -0.0675,  889,   0.5734,  -0.4185,   0.4618,
  348,  901, -0.0594,  0.0615, -0.0442,  901,   0.6472,  -0.3422,   0.3008,
  348,  913, -0.0390,  0.0362, -0.0328,  913,   0.5560,  -0.1767,   0.1960,
  348,  925, -0.0079,  0.0216, -0.0075,  925,   0.4011,  -0.1259,  -0.0004,
  348,  937, -0.0140,  0.0156,  0.0015,  937,   0.4671,  -0.1115,  -0.0271,
  348,  949, -0.0359, -0.0241,  0.0264,  949,   0.6630,   0.1548,  -0.1225,
  348,  961, -0.0498, -0.0371,  0.0286,  961,   0.8153,   0.2085,  -0.1190,
  348,  973, -0.0499, -0.0456,  0.0311,  973,   0.8653,   0.2477,  -0.1344,
  348,  985, -0.0691, -0.0335,  0.0325,  985,   1.0685,   0.1468,  -0.1198,
  348,  997, -0.0864, -0.0352,  0.0519,  997,   1.2417,   0.1729,  -0.1927,
  348, 1009, -0.0972, -0.0337,  0.0521, 1009,   1.3311,   0.1974,  -0.1578,
  348, 1021, -0.0722, -0.0221,  0.0744, 1021,   1.2450,   0.1588,  -0.3333,
  348, 1033, -0.0580, -0.0137,  0.0872, 1033,   1.2314,   0.1878,  -0.4348,
  348, 1045, -0.0549, -0.0387,  0.0826, 1045,   1.3116,   0.3917,  -0.4299,
  348, 1057, -0.0418, -0.0544,  0.0738, 1057,   1.2864,   0.5112,  -0.3959,
  348, 1069, -0.0392, -0.0596,  0.0681, 1069,   1.3837,   0.6101,  -0.3798,
  348, 1081, -0.0543, -0.0517,  0.0492, 1081,   1.6070,   0.6252,  -0.2580,
  348, 1093, -0.0480, -0.0226,  0.0302, 1093,   1.6494,   0.4752,  -0.1514,
  348, 1105, -0.0230, -0.0086,  0.0183, 1105,   1.5785,   0.4298,  -0.1145,
  348, 1117, -0.0151, -0.0269,  0.0008, 1117,   1.6375,   0.5688,  -0.0172,
  348, 1129, -0.0259, -0.0482, -0.0388, 1129,   1.8108,   0.7779,   0.2403,
  348, 1141,  0.0013, -0.0470, -0.0423, 1141,   1.7802,   0.8225,   0.2234,
  348, 1153,  0.0243, -0.0647, -0.0382, 1153,   1.7559,   0.9983,   0.1943,
  348, 1165,  0.0581, -0.0798, -0.0289, 1165,   1.6932,   1.1741,   0.1106,
  372,  373, -0.3041, -0.1937, -0.1160,  373,   1.2643,  -0.0838,  -0.5324,
  372,  385, -0.2847, -0.2128, -0.1130,  385,   1.2399,   0.0409,  -0.5966,
  372,  397, -0.2701, -0.2412, -0.1223,  397,   1.2333,   0.2164,  -0.5814,
  372,  409, -0.2605, -0.2493, -0.1304,  409,   1.2754,   0.2639,  -0.5637,
  372,  421, -0.2619, -0.2580, -0.1442,  421,   1.3223,   0.3287,  -0.4646,
  372,  433, -0.2638, -0.2951, -0.1555,  433,   1.3399,   0.5755,  -0.3607,
  372,  445, -0.2372, -0.3309, -0.1567,  445,   1.2184,   0.8185,  -0.3735,
  372,  457, -0.2010, -0.3449, -0.1589,  457,   1.0433,   0.9157,  -0.3966,
  372,  469, -0.1767, -0.3477, -0.1603,  469,   0.9158,   0.9567,  -0.3867,
  372,  481, -0.1467, -0.3360, -0.1711,  481,   0.7326,   0.9549,  -0.3304,
  372,  493, -0.1307, -0.3317, -0.1905,  493,   0.6620,   0.9706,  -0.2191,
  372,  505, -0.1221, -0.3517, -0.1937,  505,   0.6385,   1.1363,  -0.1720,
  372,  517, -0.1051, -0.3544, -0.1968,  517,   0.5971,   1.2408,  -0.1551,
  372,  529, -0.0756, -0.3411, -0.1933,  529,   0.4224,   1.2408,  -0.1626,
  372,  541, -0.0451, -0.3226, -0.1860,  541,   0.2367,   1.2332,  -0.1884,
  372,  553, -0.0201, -0.3136, -0.1879,  553,   0.0593,   1.2746,  -0.1481,
  372,  565, -0.0227, -0.2906, -0.2041,  565,   0.0906,   1.2437,  -0.0118,
  372,  577, -0.0172, -0.2824, -0.2301,  577,   0.0965,   1.2539,   0.1479,
  372,  589, -0.0078, -0.2621, -0.2520,  589,   0.0675,   1.2438,   0.2884,
  372,  601,  0.0221, -0.2608, -0.2520,  601,  -0.0779,   1.2918,   0.2836,
  372,  613,  0.0230, -0.2649, -0.2780,  613,  -0.0633,   1.3481,   0.4665,
  372,  625,  0.0201, -0.2538, -0.3139,  625,  -0.0233,   1.2976,   0.7036,
  372,  637,  0.0189, -0.2174, -0.3390,  637,   0.0165,   1.1289,   0.8808,
  372,  649,  0.0529, -0.1874, -0.3455,  649,  -0.1990,   0.9763,   0.9258,
  372,  661,  0.0649, -0.1634, -0.3448,  661,  -0.2868,   0.8346,   0.9769,
  372,  673,  0.0772, -0.1384, -0.3357,  673,  -0.3624,   0.6754,   0.9762,
  372,  685,  0.0846, -0.1270, -0.3417,  685,  -0.4095,   0.6581,   1.0569,
  372,  697,  0.0792, -0.1155, -0.3577,  697,  -0.3960,   0.6348,   1.2149,
  372,  709,  0.0647, -0.0857, -0.3507,  709,  -0.3068,   0.4819,   1.2627,
  372,  721,  0.0565, -0.0620, -0.3358,  721,  -0.2623,   0.3386,   1.2603,
  372,  733,  0.0482, -0.0275, -0.3198,  733,  -0.2460,   0.1206,   1.2606,
  372,  745,  0.0306, -0.0227, -0.3041,  745,  -0.1574,   0.0726,   1.2643,
  372,  757,  0.0067, -0.0187, -0.2847,  757,   0.0007,   0.0948,   1.2399,
  372,  769, -0.0010, -0.0131, -0.2701,  769,   0.0044,   0.0924,   1.2333,
  372,  781, -0.0272,  0.0118, -0.2605,  781,   0.1228,  -0.0332,   1.2754,
  372,  793, -0.0309,  0.0256, -0.2619,  793,   0.1093,  -0.0761,   1.3223,
  372,  805, -0.0377,  0.0235, -0.2638,  805,   0.1863,  -0.0522,   1.3399,
  372,  817, -0.0385,  0.0190, -0.2372,  817,   0.2081,  -0.0082,   1.2184,
  372,  829, -0.0430,  0.0345, -0.2010,  829,   0.2756,  -0.0764,   1.0433,
  372,  841, -0.0457,  0.0631, -0.1767,  841,   0.3465,  -0.2691,   0.9158,
  372,  853, -0.0376,  0.0717, -0.1467,  853,   0.3743,  -0.3280,   0.7326,
  372,  865, -0.0389,  0.0863, -0.1307,  865,   0.4087,  -0.4140,   0.6620,
  372,  877, -0.0552,  0.0864, -0.1221,  877,   0.5643,  -0.4274,   0.6385,
  372,  889, -0.0688,  0.0733, -0.1051,  889,   0.6450,  -0.3654,   0.5971,
  372,  901, -0.0519,  0.0632, -0.0756,  901,   0.5720,  -0.2880,   0.4224,
  372,  913, -0.0367,  0.0547, -0.0451,  913,   0.5320,  -0.2719,   0.2367,
  372,  925, -0.0206,  0.0405, -0.0201,  925,   0.5276,  -0.2194,   0.0593,
  372,  937, -0.0327,  0.0117, -0.0227,  937,   0.6559,  -0.0299,   0.0906,
  372,  949, -0.0455,  0.0070, -0.0172,  949,   0.7612,  -0.0220,   0.0965,
  372,  961, -0.0613, -0.0177, -0.0078,  961,   0.9293,   0.0907,   0.0675,
  372,  973, -0.0657, -0.0257,  0.0221,  973,   1.0244,   0.0951,  -0.0779,
  372,  985, -0.0691, -0.0382,  0.0230,  985,   1.0704,   0.1711,  -0.0633,
  372,  997, -0.0769, -0.0395,  0.0201,  997,   1.1469,   0.2060,  -0.0233,
  372, 1009, -0.0915, -0.0413,  0.0189, 1009,   1.2739,   0.2348,   0.0165,
  372, 1021, -0.0771, -0.0468,  0.0529, 1021,   1.2927,   0.3274,  -0.1990,
  372, 1033, -0.0594, -0.0444,  0.0649, 1033,   1.2478,   0.3832,  -0.2868,
  372, 1045, -0.0581, -0.0287,  0.0772, 1045,   1.3419,   0.3401,  -0.3624,
  372, 1057, -0.0625, -0.0502,  0.0846, 1057,   1.4932,   0.5065,  -0.4095,
  372, 1069, -0.0512, -0.0669,  0.0792, 1069,   1.5073,   0.6370,  -0.3960,
  372, 1081, -0.0484, -0.0583,  0.0647, 1081,   1.5484,   0.5991,  -0.3068,
  372, 1093, -0.0461, -0.0462,  0.0565, 1093,   1.6300,   0.5686,  -0.2623,
  372, 1105, -0.0318, -0.0268,  0.0482, 1105,   1.6668,   0.5157,  -0.2460,
  372, 1117, -0.0244, -0.0251,  0.0306, 1117,   1.7315,   0.5937,  -0.1574,
  372, 1129, -0.0291, -0.0414,  0.0067, 1129,   1.8433,   0.7171,   0.0007,
  372, 1141, -0.0028, -0.0573, -0.0010, 1141,   1.8212,   0.8685,   0.0044,
  372, 1153,  0.0218, -0.0629, -0.0272, 1153,   1.7822,   0.9814,   0.1228,
  372, 1165,  0.0606, -0.0749, -0.0309, 1165,   1.6680,   1.1017,   0.1093,
