,month,mean,month,trend,month,acceleration
center,151,-0.15,151,-0.02,151,
center,152,-0.15,152,-0.02,152,-2.60E-03
center,153,-0.15,153,-0.02,153,1.30E-03
center,154,-0.15,154,-0.02,154,7.00E-04
center,155,-0.15,155,-0.02,155,7.00E-04
center,156,-0.15,156,-0.02,156,-2.00E-04
center,157,-0.15,157,-0.02,157,0.00E+00
center,158,-0.15,158,-0.02,158,3.00E-04
center,159,-0.15,159,-0.02,159,1.00E-04
center,160,-0.15,160,-0.02,160,-1.60E-03
center,161,-0.15,161,-0.02,161,1.70E-03
center,162,-0.15,162,-0.02,162,8.00E-04
center,163,-0.15,163,-0.02,163,3.00E-04
center,164,-0.15,164,-0.02,164,-1.40E-03
center,165,-0.16,165,-0.02,165,1.90E-03
center,166,-0.16,166,-0.01,166,7.00E-04
center,167,-0.16,167,-0.01,167,-1.10E-03
center,168,-0.17,168,-0.01,168,-2.00E-04
center,169,-0.17,169,-0.01,169,-8.00E-04
center,170,-0.17,170,-0.01,170,1.00E-04
center,171,-0.17,171,-0.01,171,-1.70E-03
center,172,-0.17,172,-0.01,172,-5.00E-04
center,173,-0.17,173,-0.01,173,-1.50E-03
center,174,-0.17,174,-0.01,174,3.50E-03
center,175,-0.17,175,-0.01,175,-2.00E-04
center,176,-0.17,176,-0.01,176,-7.00E-04
center,177,-0.17,177,-0.01,177,8.00E-04
center,178,-0.17,178,-0.01,178,-1.70E-03
center,179,-0.17,179,-0.01,179,-2.00E-04
center,180,-0.17,180,-0.01,180,-3.00E-04
center,181,-0.17,181,-0.01,181,2.00E-04
center,182,-0.17,182,-0.01,182,1.40E-03
center,183,-0.17,183,-0.01,183,-4.00E-04
center,184,-0.17,184,-0.01,184,-8.00E-04
center,185,-0.17,185,-0.02,185,-6.00E-04
center,186,-0.16,186,-0.02,186,1.00E-04
center,187,-0.16,187,-0.02,187,-2.00E-04
center,188,-0.16,188,-0.02,188,-1.00E-04
center,189,-0.16,189,-0.02,189,-3.00E-04
center,190,-0.16,190,-0.03,190,4.00E-04
center,191,-0.16,191,-0.03,191,1.40E-03
center,192,-0.16,192,-0.03,192,4.00E-04
center,193,-0.16,193,-0.03,193,-3.00E-04
center,194,-0.16,194,-0.03,194,-1.00E-04
center,195,-0.16,195,-0.03,195,-3.00E-04
center,196,-0.16,196,-0.03,196,-1.00E-03
center,197,-0.16,197,-0.03,197,-3.00E-04
center,198,-0.15,198,-0.03,198,1.50E-03
center,199,-0.15,199,-0.03,199,-1.40E-03
center,200,-0.15,200,-0.04,200,1.00E-04
center,201,-0.15,201,-0.04,201,-5.00E-04
center,202,-0.15,202,-0.04,202,-2.00E-04
center,203,-0.15,203,-0.04,203,1.20E-03
center,204,-0.15,204,-0.04,204,2.00E-04
center,205,-0.14,205,-0.05,205,-1.00E-04
center,206,-0.14,206,-0.05,206,2.00E-04
center,207,-0.14,207,-0.05,207,-1.00E-04
center,208,-0.14,208,-0.05,208,4.00E-04
center,209,-0.14,209,-0.05,209,-1.00E-04
center,210,-0.14,210,-0.05,210,-2.00E-04
center,211,-0.14,211,-0.05,211,-1.50E-03
center,212,-0.13,212,-0.05,212,1.00E-03
center,213,-0.13,213,-0.06,213,5.00E-04
center,214,-0.13,214,-0.06,214,-6.00E-04
center,215,-0.13,215,-0.06,215,0.00E+00
center,216,-0.13,216,-0.06,216,3.00E-04
center,217,-0.13,217,-0.06,217,9.00E-04
center,218,-0.13,218,-0.06,218,-3.00E-04
center,219,-0.13,219,-0.06,219,4.00E-04
center,220,-0.13,220,-0.06,220,-1.00E-04
center,221,-0.13,221,-0.06,221,5.00E-04
center,222,-0.13,222,-0.06,222,0.00E+00
center,223,-0.13,223,-0.06,223,-9.00E-04
center,224,-0.13,224,-0.06,224,-2.00E-03
center,225,-0.13,225,-0.07,225,4.00E-04
center,226,-0.13,226,-0.07,226,1.60E-03
center,227,-0.13,227,-0.07,227,2.00E-04
center,228,-0.13,228,-0.07,228,0.00E+00
center,229,-0.13,229,-0.07,229,3.00E-04
center,230,-0.13,230,-0.07,230,1.00E-04
center,231,-0.13,231,-0.07,231,2.00E-04
center,232,-0.13,232,-0.07,232,0.00E+00
center,233,-0.13,233,-0.07,233,4.00E-04
center,234,-0.13,234,-0.07,234,1.60E-03
center,235,-0.13,235,-0.07,235,-3.00E-03
center,236,-0.13,236,-0.07,236,1.20E-03
center,237,-0.13,237,-0.07,237,-2.00E-04
center,238,-0.13,238,-0.07,238,9.00E-04
center,239,-0.13,239,-0.07,239,-4.00E-04
center,240,-0.13,240,-0.07,240,-3.00E-04
center,241,-0.13,241,-0.07,241,-9.00E-04
center,242,-0.13,242,-0.07,242,-9.00E-04
center,243,-0.13,243,-0.07,243,3.00E-04
center,244,-0.13,244,-0.08,244,-1.10E-03
center,245,-0.12,245,-0.08,245,1.90E-03
center,246,-0.12,246,-0.08,246,-3.00E-04
center,247,-0.12,247,-0.08,247,-1.20E-03
center,248,-0.12,248,-0.08,248,-2.00E-04
center,249,-0.12,249,-0.08,249,8.00E-04
center,250,-0.12,250,-0.08,250,1.40E-03
center,251,-0.12,251,-0.09,251,-7.00E-04
center,252,-0.12,252,-0.09,252,4.00E-04
center,253,-0.12,253,-0.09,253,7.00E-04
center,254,-0.12,254,-0.09,254,-2.00E-04
center,255,-0.12,255,-0.09,255,5.00E-04
center,256,-0.12,256,-0.09,256,1.00E-03
center,257,-0.12,257,-0.08,257,8.00E-04
center,258,-0.13,258,-0.08,258,1.90E-03
center,259,-0.13,259,-0.08,259,0.00E+00
center,260,-0.14,260,-0.07,260,-9.00E-04
center,261,-0.14,261,-0.07,261,-4.00E-04
center,262,-0.15,262,-0.07,262,-7.00E-04
center,263,-0.15,263,-0.06,263,-1.00E-04
center,264,-0.15,264,-0.06,264,-7.00E-04
center,265,-0.16,265,-0.06,265,-6.00E-04
center,266,-0.16,266,-0.06,266,0.00E+00
center,267,-0.16,267,-0.06,267,0.00E+00
center,268,-0.16,268,-0.06,268,6.00E-04
center,269,-0.16,269,-0.06,269,-1.10E-03
center,270,-0.16,270,-0.06,270,1.70E-03
center,271,-0.16,271,-0.05,271,-1.30E-03
center,272,-0.16,272,-0.05,272,-1.00E-04
center,273,-0.16,273,-0.05,273,2.00E-04
center,274,-0.16,274,-0.05,274,1.40E-03
center,275,-0.17,275,-0.05,275,-1.20E-03
center,276,-0.17,276,-0.05,276,6.00E-04
center,277,-0.17,277,-0.05,277,7.00E-04
center,278,-0.17,278,-0.04,278,-1.50E-03
center,279,-0.17,279,-0.04,279,-4.00E-04
center,280,-0.17,280,-0.04,280,-6.00E-04
center,281,-0.17,281,-0.04,281,1.10E-03
center,282,-0.17,282,-0.04,282,1.00E-03
center,283,-0.17,283,-0.04,283,-1.80E-03
center,284,-0.17,284,-0.04,284,-1.70E-03
center,285,-0.17,285,-0.04,285,1.10E-03
center,286,-0.17,286,-0.04,286,8.00E-04
center,287,-0.17,287,-0.04,287,2.00E-04
center,288,-0.17,288,-0.04,288,-1.00E-03
center,289,-0.17,289,-0.04,289,9.00E-04
center,290,-0.17,290,-0.04,290,-3.00E-04
center,291,-0.17,291,-0.04,291,8.00E-04
center,292,-0.17,292,-0.04,292,-1.20E-03
center,293,-0.17,293,-0.04,293,-1.70E-03
center,294,-0.17,294,-0.04,294,7.00E-04
center,295,-0.17,295,-0.04,295,-1.00E-04
center,296,-0.17,296,-0.04,296,4.00E-04
center,297,-0.17,297,-0.04,297,-1.20E-03
center,298,-0.17,298,-0.05,298,9.00E-04
center,299,-0.17,299,-0.05,299,-2.00E-04
center,300,-0.17,300,-0.05,300,4.00E-04
center,301,-0.16,301,-0.05,301,8.00E-04
center,302,-0.16,302,-0.05,302,-2.00E-04
center,303,-0.16,303,-0.05,303,1.20E-03
center,304,-0.16,304,-0.05,304,-1.50E-03
center,305,-0.16,305,-0.05,305,-7.00E-04
center,306,-0.16,306,-0.05,306,-2.00E-03
center,307,-0.16,307,-0.06,307,1.00E-04
center,308,-0.15,308,-0.06,308,0.00E+00
center,309,-0.15,309,-0.06,309,3.70E-03
center,310,-0.15,310,-0.06,310,-1.50E-03
center,311,-0.15,311,-0.06,311,-3.00E-04
center,312,-0.14,312,-0.06,312,2.10E-03
center,313,-0.15,313,-0.06,313,2.00E-04
center,314,-0.15,314,-0.06,314,-5.00E-04
center,315,-0.15,315,-0.06,315,1.00E-04
center,316,-0.15,316,-0.06,316,7.00E-04
center,317,-0.15,317,-0.06,317,-4.00E-04
center,318,-0.15,318,-0.06,318,-1.40E-03
center,319,-0.15,319,-0.06,319,-1.10E-03
center,320,-0.15,320,-0.06,320,3.00E-03
center,321,-0.15,321,-0.06,321,-7.00E-04
center,322,-0.15,322,-0.06,322,-9.00E-04
center,323,-0.15,323,-0.06,323,-3.00E-04
center,324,-0.15,324,-0.06,324,-1.00E-04
center,325,-0.14,325,-0.06,325,1.00E-03
center,326,-0.15,326,-0.06,326,0.00E+00
center,327,-0.15,327,-0.06,327,-2.00E-04
center,328,-0.15,328,-0.06,328,5.00E-04
center,329,-0.15,329,-0.06,329,-1.70E-03
center,330,-0.15,330,-0.06,330,1.20E-03
center,331,-0.15,331,-0.06,331,-3.00E-04
center,332,-0.14,332,-0.06,332,-2.00E-04
center,333,-0.14,333,-0.06,333,2.50E-03
center,334,-0.15,334,-0.06,334,-7.00E-04
center,335,-0.15,335,-0.06,335,-2.00E-04
center,336,-0.15,336,-0.06,336,-8.00E-04
center,337,-0.15,337,-0.06,337,9.00E-04
center,338,-0.15,338,-0.06,338,-4.00E-04
center,339,-0.15,339,-0.05,339,6.00E-04
center,340,-0.15,340,-0.05,340,-6.00E-04
center,341,-0.16,341,-0.05,341,-4.00E-04
center,342,-0.16,342,-0.05,342,-7.00E-04
center,343,-0.16,343,-0.05,343,3.00E-03
center,344,-0.16,344,-0.05,344,-6.00E-04
center,345,-0.16,345,-0.05,345,-1.50E-03
center,346,-0.16,346,-0.05,346,-6.00E-04
center,347,-0.16,347,-0.05,347,1.70E-03
center,348,-0.17,348,-0.04,348,6.00E-04
center,349,-0.17,349,-0.04,349,1.00E-04
center,350,-0.17,350,-0.04,350,-3.00E-04
center,351,-0.18,351,-0.04,351,0.00E+00
center,352,-0.18,352,-0.03,352,1.40E-03
center,353,-0.18,353,-0.03,353,-2.20E-03
center,354,-0.19,354,-0.03,354,2.00E-03
center,355,-0.19,355,-0.03,355,-3.00E-03
center,356,-0.19,356,-0.03,356,7.00E-04
center,357,-0.19,357,-0.02,357,4.00E-04
center,358,-0.2,358,-0.02,358,1.20E-03
center,359,-0.2,359,-0.02,359,-1.40E-03
center,360,-0.2,360,-0.02,360,-8.00E-04
center,361,-0.2,361,-0.02,361,7.00E-04
center,362,-0.21,362,-0.02,362,-2.00E-04
center,363,-0.21,363,-0.02,363,5.00E-04
center,364,-0.21,364,-0.02,364,-8.00E-04
center,365,-0.21,365,-0.01,365,2.00E-04
center,366,-0.21,366,-0.01,366,4.00E-04
center,367,-0.21,367,-0.01,367,1.20E-03
center,368,-0.22,368,-0.01,368,-3.20E-03
center,369,-0.22,369,-0.01,369,-1.20E-03
center,370,-0.21,370,-0.01,370,1.10E-03
center,371,-0.21,371,-0.01,371,6.00E-04
center,372,-0.21,372,-0.01,372,1.30E-03
center,373,-0.21,373,-0.01,373,-1.10E-03
center,374,-0.21,374,-0.01,374,0.00E+00
center,375,-0.21,375,-0.01,375,1.00E-04
center,376,-0.21,376,-0.01,376,4.00E-04
center,377,-0.21,377,-0.01,377,1.70E-03
center,378,-0.22,378,-0.01,378,1.60E-03
center,379,-0.22,379,-0.01,379,-2.20E-03
center,380,-0.22,380,0,380,-8.00E-04
center,381,-0.22,381,0,381,9.00E-04
center,382,-0.23,382,0,382,-1.00E-03
center,383,-0.23,383,0,383,3.00E-04
center,384,-0.23,384,0,384,-7.00E-04
center,385,-0.23,385,0,385,9.00E-04
center,386,-0.23,386,0,386,2.00E-04
center,387,-0.23,387,0,387,6.00E-04
center,388,-0.24,388,0.01,388,1.00E-04
center,389,-0.24,389,0.01,389,1.80E-03
center,390,-0.25,390,0.01,390,-3.60E-03
center,391,-0.25,391,0.01,391,-3.00E-04
center,392,-0.25,392,0.01,392,1.50E-03
center,393,-0.25,393,0.01,393,1.90E-03
center,394,-0.25,394,0.02,394,-8.00E-04
center,395,-0.26,395,0.02,395,-1.00E-04
center,396,-0.26,396,0.02,396,-1.00E-04
center,397,-0.26,397,0.02,397,-3.00E-04
center,398,-0.27,398,0.03,398,5.00E-04
center,399,-0.27,399,0.03,399,-1.00E-04
center,400,-0.27,400,0.03,400,5.00E-04
center,401,-0.28,401,0.03,401,2.00E-04
center,402,-0.28,402,0.04,402,2.40E-03
center,403,-0.29,403,0.04,403,-1.70E-03
center,404,-0.29,404,0.05,404,6.00E-04
center,405,-0.3,405,0.05,405,8.00E-04
center,406,-0.3,406,0.06,406,-2.00E-03
center,407,-0.31,407,0.06,407,-1.10E-03
center,408,-0.31,408,0.06,408,2.00E-04
center,409,-0.31,409,0.06,409,-3.00E-04
center,410,-0.32,410,0.07,410,4.00E-04
center,411,-0.32,411,0.07,411,-5.00E-04
center,412,-0.32,412,0.07,412,-6.00E-04
center,413,-0.32,413,0.07,413,1.40E-03
center,414,-0.33,414,0.08,414,-1.70E-03
center,415,-0.33,415,0.08,415,1.60E-03
center,416,-0.33,416,0.08,416,1.00E-04
center,417,-0.33,417,0.08,417,-1.70E-03
center,418,-0.34,418,0.08,418,-5.00E-04
center,419,-0.34,419,0.08,419,5.00E-04
center,420,-0.34,420,0.08,420,-1.00E-04
center,421,-0.34,421,0.09,421,2.00E-04
center,422,-0.34,422,0.09,422,1.00E-04
center,423,-0.34,423,0.09,423,1.20E-03
center,424,-0.34,424,0.09,424,2.00E-04
center,425,-0.35,425,0.09,425,-1.10E-03
center,426,-0.35,426,0.09,426,-1.80E-03
center,427,-0.35,427,0.09,427,3.00E-03
center,428,-0.35,428,0.1,428,5.00E-04
center,429,-0.35,429,0.1,429,-3.30E-03
center,430,-0.35,430,0.1,430,-2.00E-04
center,431,-0.35,431,0.1,431,3.00E-04
center,432,-0.35,432,0.1,432,-8.00E-04
center,433,-0.35,433,0.1,433,8.00E-04
center,434,-0.35,434,0.1,434,-2.00E-04
center,435,-0.35,435,0.1,435,2.00E-04
center,436,-0.35,436,0.1,436,-2.00E-04
center,437,-0.35,437,0.1,437,9.00E-04
center,438,-0.35,438,0.1,438,-9.00E-04
center,439,-0.35,439,0.1,439,-3.10E-03
center,440,-0.34,440,0.1,440,3.00E-04
center,441,-0.34,441,0.09,441,1.60E-03
center,442,-0.34,442,0.09,442,0.00E+00
center,443,-0.34,443,0.09,443,1.00E-04
center,444,-0.33,444,0.09,444,-1.00E-04
center,445,-0.33,445,0.09,445,-1.00E-04
center,446,-0.33,446,0.09,446,1.10E-03
center,447,-0.33,447,0.09,447,-4.00E-04
center,448,-0.33,448,0.09,448,1.40E-03
center,449,-0.33,449,0.09,449,2.10E-03
center,450,-0.33,450,0.09,450,-3.70E-03
center,451,-0.33,451,0.09,451,8.00E-04
center,452,-0.33,452,0.09,452,-1.00E-03
center,453,-0.33,453,0.09,453,2.30E-03
center,454,-0.33,454,0.09,454,-1.30E-03
center,455,-0.33,455,0.09,455,7.00E-04
center,456,-0.33,456,0.09,456,8.00E-04
center,457,-0.33,457,0.09,457,5.00E-04
center,458,-0.33,458,0.09,458,0.00E+00
center,459,-0.33,459,0.1,459,2.00E-04
center,460,-0.33,460,0.1,460,-1.00E-04
center,461,-0.34,461,0.1,461,2.80E-03
center,462,-0.34,462,0.1,462,-1.50E-03
center,463,-0.34,463,0.11,463,-6.00E-04
center,464,-0.35,464,0.11,464,-2.50E-03
center,465,-0.35,465,0.11,465,2.80E-03
center,466,-0.35,466,0.11,466,-5.00E-04
center,467,-0.35,467,0.12,467,-1.20E-03
center,468,-0.35,468,0.12,468,1.30E-03
center,469,-0.36,469,0.12,469,-9.00E-04
center,470,-0.36,470,0.12,470,2.00E-04
center,471,-0.36,471,0.12,471,-1.00E-04
center,472,-0.36,472,0.13,472,1.00E-04
center,473,-0.36,473,0.13,473,-1.80E-03
center,474,-0.36,474,0.13,474,2.40E-03
center,475,-0.36,475,0.13,475,-3.00E-04
center,476,-0.37,476,0.13,476,-2.40E-03
center,477,-0.36,477,0.13,477,7.00E-04
center,478,-0.36,478,0.13,478,4.00E-04
center,479,-0.36,479,0.13,479,-1.50E-03
center,480,-0.36,480,0.13,480,2.00E-04
center,481,-0.36,481,0.13,481,0.00E+00
center,482,-0.36,482,0.13,482,4.00E-04
center,483,-0.36,483,0.13,483,8.00E-04
center,484,-0.36,484,0.13,484,5.00E-04
center,485,-0.36,485,0.13,485,-2.70E-03
center,486,-0.36,486,0.13,486,5.00E-04
center,487,-0.35,487,0.13,487,-3.00E-04
center,488,-0.35,488,0.13,488,0.00E+00
center,489,-0.35,489,0.13,489,-1.30E-03
center,490,-0.35,490,0.13,490,9.00E-04
center,491,-0.34,491,0.13,491,1.00E-03
center,492,-0.34,492,0.12,492,-5.00E-04
center,493,-0.34,493,0.12,493,4.00E-04
center,494,-0.34,494,0.12,494,0.00E+00
center,495,-0.34,495,0.12,495,-1.00E-04
center,496,-0.33,496,0.12,496,-6.00E-04
center,497,-0.33,497,0.12,497,-5.00E-04
center,498,-0.33,498,0.12,498,-4.00E-04
center,499,-0.33,499,0.12,499,-6.00E-04
center,500,-0.32,500,0.11,500,2.70E-03
center,501,-0.32,501,0.11,501,-2.50E-03
center,502,-0.31,502,0.11,502,0.00E+00
center,503,-0.31,503,0.11,503,2.50E-03
center,504,-0.31,504,0.11,504,5.00E-04
center,505,-0.31,505,0.11,505,-1.00E-04
center,506,-0.31,506,0.11,506,8.00E-04
center,507,-0.31,507,0.11,507,-1.30E-03
center,508,-0.31,508,0.11,508,5.00E-04
center,509,-0.3,509,0.11,509,1.40E-03
center,510,-0.31,510,0.11,510,-1.30E-03
center,511,-0.3,511,0.11,511,-1.70E-03
center,512,-0.3,512,0.11,512,3.30E-03
center,513,-0.3,513,0.11,513,-2.90E-03
center,514,-0.3,514,0.11,514,-8.00E-04
center,515,-0.3,515,0.11,515,5.00E-04
center,516,-0.29,516,0.11,516,6.00E-04
center,517,-0.29,517,0.11,517,6.00E-04
center,518,-0.29,518,0.11,518,-1.00E-04
center,519,-0.29,519,0.11,519,1.00E-04
center,520,-0.29,520,0.11,520,2.00E-04
center,521,-0.29,521,0.11,521,-2.40E-03
center,522,-0.28,522,0.1,522,2.00E-04
center,523,-0.28,523,0.1,523,-2.00E-04
center,524,-0.28,524,0.1,524,-6.00E-04
center,525,-0.27,525,0.1,525,0.00E+00
center,526,-0.27,526,0.09,526,1.10E-03
center,527,-0.26,527,0.09,527,6.00E-04
center,528,-0.26,528,0.09,528,3.00E-04
center,529,-0.26,529,0.09,529,1.00E-03
center,530,-0.26,530,0.09,530,-2.00E-04
center,531,-0.26,531,0.09,531,6.00E-04
center,532,-0.26,532,0.09,532,3.00E-04
center,533,-0.26,533,0.09,533,3.00E-04
center,534,-0.26,534,0.09,534,3.00E-04
center,535,-0.26,535,0.09,535,-1.60E-03
center,536,-0.26,536,0.09,536,2.80E-03
center,537,-0.26,537,0.1,537,-3.50E-03
center,538,-0.26,538,0.09,538,1.60E-03
center,539,-0.26,539,0.1,539,3.00E-04
center,540,-0.26,540,0.1,540,3.00E-04
center,541,-0.26,541,0.1,541,-1.10E-03
center,542,-0.26,542,0.1,542,2.00E-04
center,543,-0.25,543,0.1,543,-2.00E-04
center,544,-0.25,544,0.1,544,-4.00E-04
center,545,-0.25,545,0.1,545,6.00E-04
center,546,-0.25,546,0.1,546,-1.20E-03
center,547,-0.25,547,0.1,547,6.00E-04
center,548,-0.25,548,0.1,548,-2.00E-04
center,549,-0.24,549,0.1,549,6.00E-04
center,550,-0.24,550,0.1,550,3.00E-04
center,551,-0.24,551,0.1,551,-8.00E-04
center,552,-0.24,552,0.1,552,-2.00E-04
center,553,-0.24,553,0.1,553,5.00E-04
center,554,-0.24,554,0.1,554,4.00E-04
center,555,-0.23,555,0.1,555,0.00E+00
center,556,-0.23,556,0.1,556,5.00E-04
center,557,-0.23,557,0.1,557,1.40E-03
center,558,-0.24,558,0.1,558,-1.40E-03
center,559,-0.24,559,0.1,559,2.20E-03
center,560,-0.24,560,0.1,560,-2.20E-03
center,561,-0.24,561,0.11,561,-1.20E-03
center,562,-0.24,562,0.11,562,0.00E+00
center,563,-0.24,563,0.11,563,1.80E-03
center,564,-0.24,564,0.11,564,-5.00E-04
center,565,-0.24,565,0.11,565,0.00E+00
center,566,-0.24,566,0.11,566,4.00E-04
center,567,-0.24,567,0.11,567,0.00E+00
center,568,-0.24,568,0.11,568,-1.00E-04
center,569,-0.25,569,0.11,569,0.00E+00
center,570,-0.25,570,0.11,570,3.40E-03
center,571,-0.25,571,0.12,571,-4.50E-03
center,572,-0.25,572,0.12,572,2.30E-03
center,573,-0.25,573,0.12,573,-4.00E-04
center,574,-0.25,574,0.12,574,1.00E-03
center,575,-0.26,575,0.13,575,-1.10E-03
center,576,-0.26,576,0.13,576,3.00E-04
center,577,-0.26,577,0.13,577,6.00E-04
center,578,-0.27,578,0.13,578,-1.10E-03
center,579,-0.27,579,0.14,579,2.00E-04
center,580,-0.27,580,0.14,580,-1.30E-03
center,581,-0.27,581,0.14,581,1.40E-03
center,582,-0.27,582,0.14,582,1.00E-03
center,583,-0.27,583,0.14,583,-1.50E-03
center,584,-0.28,584,0.15,584,1.00E-04
center,585,-0.28,585,0.15,585,-1.90E-03
center,586,-0.27,586,0.15,586,1.50E-03
center,587,-0.27,587,0.15,587,-3.00E-04
center,588,-0.27,588,0.15,588,-9.00E-04
center,589,-0.27,589,0.15,589,9.00E-04
center,590,-0.27,590,0.15,590,-6.00E-04
center,591,-0.27,591,0.15,591,-8.00E-04
center,592,-0.27,592,0.15,592,1.60E-03
center,593,-0.27,593,0.15,593,-2.00E-03
center,594,-0.27,594,0.15,594,-2.00E-03
center,595,-0.26,595,0.15,595,3.80E-03
center,596,-0.26,596,0.15,596,-2.30E-03
center,597,-0.26,597,0.15,597,3.00E-04
center,598,-0.26,598,0.15,598,7.00E-04
center,599,-0.25,599,0.15,599,-3.00E-04
center,600,-0.25,600,0.15,600,7.00E-04
center,601,-0.25,601,0.15,601,-1.00E-04
center,602,-0.25,602,0.15,602,-8.00E-04
center,603,-0.25,603,0.14,603,7.00E-04
center,604,-0.25,604,0.14,604,-1.00E-03
center,605,-0.24,605,0.14,605,1.50E-03
center,606,-0.24,606,0.14,606,-2.80E-03
center,607,-0.24,607,0.14,607,1.00E-03
center,608,-0.24,608,0.14,608,1.40E-03
center,609,-0.23,609,0.14,609,-8.00E-04
center,610,-0.23,610,0.14,610,5.00E-04
center,611,-0.23,611,0.14,611,5.00E-04
center,612,-0.23,612,0.14,612,-7.00E-04
center,613,-0.23,613,0.14,613,1.00E-03
center,614,-0.23,614,0.14,614,-4.00E-04
center,615,-0.23,615,0.14,615,2.00E-04
center,616,-0.23,616,0.14,616,1.80E-03
center,617,-0.23,617,0.14,617,-1.10E-03
center,618,-0.23,618,0.14,618,-5.00E-04
center,619,-0.23,619,0.14,619,5.00E-04
center,620,-0.23,620,0.14,620,6.00E-04
center,621,-0.23,621,0.15,621,-5.00E-04
center,622,-0.23,622,0.15,622,4.00E-04
center,623,-0.23,623,0.15,623,-8.00E-04
center,624,-0.23,624,0.15,624,2.00E-04
center,625,-0.23,625,0.15,625,3.00E-04
center,626,-0.23,626,0.15,626,-4.00E-04
center,627,-0.23,627,0.15,627,8.00E-04
center,628,-0.23,628,0.15,628,-8.00E-04
center,629,-0.23,629,0.15,629,-2.10E-03
center,630,-0.22,630,0.15,630,-4.00E-04
center,631,-0.22,631,0.15,631,2.10E-03
center,632,-0.22,632,0.15,632,-2.10E-03
center,633,-0.22,633,0.15,633,2.10E-03
center,634,-0.22,634,0.15,634,-2.00E-04
center,635,-0.22,635,0.15,635,-1.00E-04
center,636,-0.22,636,0.15,636,-4.00E-04
center,637,-0.22,637,0.15,637,2.00E-04
center,638,-0.22,638,0.15,638,1.20E-03
center,639,-0.22,639,0.15,639,-9.00E-04
center,640,-0.21,640,0.15,640,-3.00E-04
center,641,-0.21,641,0.15,641,-9.00E-04
center,642,-0.21,642,0.15,642,-2.60E-03
center,643,-0.21,643,0.15,643,5.20E-03
center,644,-0.21,644,0.15,644,-1.60E-03
center,645,-0.21,645,0.15,645,-1.70E-03
center,646,-0.2,646,0.15,646,1.30E-03
center,647,-0.2,647,0.15,647,-1.10E-03
center,648,-0.2,648,0.15,648,-1.00E-04
center,649,-0.2,649,0.14,649,7.00E-04
center,650,-0.2,650,0.14,650,-7.00E-04
center,651,-0.19,651,0.14,651,6.00E-04
center,652,-0.19,652,0.14,652,9.00E-04
center,653,-0.19,653,0.14,653,-1.10E-03
center,654,-0.19,654,0.14,654,-1.20E-03
center,655,-0.19,655,0.14,655,-9.00E-04
center,656,-0.18,656,0.13,656,7.00E-04
center,657,-0.18,657,0.13,657,2.70E-03
center,658,-0.18,658,0.13,658,-5.00E-04
center,659,-0.18,659,0.13,659,-1.30E-03
center,660,-0.18,660,0.13,660,1.00E-04
center,661,-0.17,661,0.13,661,-4.00E-04
center,662,-0.17,662,0.12,662,-3.00E-04
center,663,-0.17,663,0.12,663,-3.00E-04
center,664,-0.16,664,0.12,664,1.20E-03
center,665,-0.16,665,0.12,665,1.00E-04
center,666,-0.16,666,0.12,666,-4.00E-04
center,667,-0.15,667,0.12,667,1.40E-03
center,668,-0.15,668,0.12,668,-2.90E-03
center,669,-0.15,669,0.11,669,4.00E-04
center,670,-0.14,670,0.11,670,2.00E-04
center,671,-0.14,671,0.11,671,1.70E-03
center,672,-0.14,672,0.11,672,-5.00E-04
center,673,-0.14,673,0.1,673,-1.00E-03
center,674,-0.13,674,0.1,674,1.00E-04
center,675,-0.13,675,0.1,675,-4.00E-04
center,676,-0.12,676,0.1,676,1.20E-03
center,677,-0.12,677,0.1,677,1.10E-03
center,678,-0.12,678,0.1,678,-1.00E-04
center,679,-0.12,679,0.09,679,0.00E+00
center,680,-0.12,680,0.09,680,-1.50E-03
center,681,-0.12,681,0.09,681,9.00E-04
center,682,-0.12,682,0.09,682,-5.00E-04
center,683,-0.11,683,0.09,683,-1.00E-04
center,684,-0.11,684,0.09,684,-1.20E-03
center,685,-0.11,685,0.08,685,6.00E-04
center,686,-0.1,686,0.08,686,2.00E-04
center,687,-0.1,687,0.08,687,-2.00E-04
center,688,-0.1,688,0.08,688,3.00E-04
center,689,-0.1,689,0.08,689,6.00E-04
center,690,-0.09,690,0.07,690,-2.60E-03
center,691,-0.09,691,0.07,691,-7.00E-04
center,692,-0.08,692,0.07,692,8.00E-04
center,693,-0.08,693,0.06,693,2.30E-03
center,694,-0.08,694,0.06,694,-3.00E-04
center,695,-0.07,695,0.06,695,3.00E-04
center,696,-0.07,696,0.06,696,-5.00E-04
center,697,-0.07,697,0.05,697,-3.00E-04
center,698,-0.06,698,0.05,698,5.00E-04
center,699,-0.06,699,0.05,699,6.00E-04
center,700,-0.06,700,0.05,700,-9.00E-04
center,701,-0.06,701,0.05,701,-3.00E-04
center,702,-0.06,702,0.04,702,2.70E-03
center,703,-0.06,703,0.04,703,-1.00E-03
center,704,-0.06,704,0.04,704,-1.60E-03
center,705,-0.06,705,0.04,705,2.20E-03
center,706,-0.06,706,0.04,706,-9.00E-04
center,707,-0.06,707,0.04,707,8.00E-04
center,708,-0.06,708,0.04,708,0.00E+00
center,709,-0.05,709,0.04,709,1.00E-04
center,710,-0.05,710,0.04,710,8.00E-04
center,711,-0.05,711,0.04,711,2.00E-04
center,712,-0.05,712,0.04,712,0.00E+00
center,713,-0.05,713,0.04,713,-7.00E-04
center,714,-0.05,714,0.04,714,5.00E-04
center,715,-0.05,715,0.04,715,-4.00E-04
center,716,-0.05,716,0.04,716,-5.00E-04
center,717,-0.05,717,0.04,717,-1.60E-03
center,718,-0.05,718,0.04,718,1.30E-03
center,719,-0.05,719,0.04,719,0.00E+00
center,720,-0.05,720,0.04,720,1.00E-04
center,721,-0.05,721,0.04,721,4.00E-04
center,722,-0.04,722,0.04,722,-3.00E-04
center,723,-0.04,723,0.04,723,1.20E-03
center,724,-0.04,724,0.04,724,-3.00E-04
center,725,-0.05,725,0.04,725,-2.30E-03
center,726,-0.04,726,0.04,726,-2.00E-04
center,727,-0.04,727,0.04,727,2.90E-03
center,728,-0.04,728,0.04,728,1.00E-04
center,729,-0.04,729,0.04,729,-1.30E-03
center,730,-0.04,730,0.04,730,5.00E-04
center,731,-0.04,731,0.04,731,2.00E-04
center,732,-0.04,732,0.04,732,-1.00E-03
center,733,-0.04,733,0.04,733,3.00E-04
center,734,-0.04,734,0.04,734,-3.00E-04
center,735,-0.03,735,0.04,735,3.00E-04
center,736,-0.03,736,0.04,736,2.00E-04
center,737,-0.03,737,0.04,737,-4.00E-04
center,738,-0.03,738,0.04,738,4.00E-04
center,739,-0.03,739,0.04,739,-4.90E-03
center,740,-0.02,740,0.03,740,3.00E-04
center,741,-0.02,741,0.03,741,2.10E-03
center,742,-0.01,742,0.02,742,-6.00E-04
center,743,-0.01,743,0.02,743,-3.00E-04
center,744,-0.01,744,0.02,744,6.00E-04
center,745,0,745,0.01,745,-3.00E-04
center,746,0,746,0.01,746,1.10E-03
center,747,0.01,747,0.01,747,3.00E-04
center,748,0.01,748,0.01,748,8.00E-04
center,749,0.01,749,0.01,749,9.00E-04
center,750,0.01,750,0.01,750,-4.90E-03
center,751,0.02,751,0,751,3.90E-03
center,752,0.02,752,0,752,-1.00E-03
center,753,0.02,753,0,753,-3.00E-04
center,754,0.02,754,-0.01,754,-4.00E-04
center,755,0.03,755,-0.01,755,3.00E-04
center,756,0.03,756,-0.01,756,7.00E-04
center,757,0.03,757,-0.01,757,6.00E-04
center,758,0.03,758,-0.01,758,6.00E-04
center,759,0.03,759,-0.01,759,-5.00E-04
center,760,0.04,760,-0.02,760,4.00E-04
center,761,0.04,761,-0.02,761,5.00E-04
center,762,0.03,762,-0.02,762,-1.50E-03
center,763,0.04,763,-0.02,763,2.00E-04
center,764,0.04,764,-0.02,764,-2.40E-03
center,765,0.04,765,-0.02,765,2.70E-03
center,766,0.04,766,-0.02,766,-1.50E-03
center,767,0.04,767,-0.03,767,3.00E-04
center,768,0.05,768,-0.03,768,1.50E-03
center,769,0.05,769,-0.03,769,1.00E-04
center,770,0.05,770,-0.03,770,-6.00E-04
center,771,0.05,771,-0.03,771,0.00E+00
center,772,0.05,772,-0.03,772,7.00E-04
center,773,0.05,773,-0.03,773,-1.10E-03
center,774,0.05,774,-0.04,774,4.00E-04
center,775,0.05,775,-0.04,775,2.30E-03
center,776,0.05,776,-0.04,776,-2.50E-03
center,777,0.05,777,-0.04,777,5.00E-04
center,778,0.05,778,-0.04,778,1.50E-03
center,779,0.05,779,-0.04,779,-2.00E-04
center,780,0.05,780,-0.04,780,4.00E-04
center,781,0.05,781,-0.04,781,-7.00E-04
center,782,0.05,782,-0.04,782,0.00E+00
center,783,0.05,783,-0.04,783,6.00E-04
center,784,0.05,784,-0.04,784,-1.00E-04
center,785,0.05,785,-0.04,785,-3.00E-04
center,786,0.05,786,-0.04,786,8.00E-04
center,787,0.05,787,-0.04,787,-1.00E-04
center,788,0.06,788,-0.04,788,-1.00E-03
center,789,0.06,789,-0.04,789,-4.00E-04
center,790,0.06,790,-0.04,790,2.00E-04
center,791,0.06,791,-0.04,791,-1.00E-04
center,792,0.06,792,-0.04,792,-7.00E-04
center,793,0.06,793,-0.04,793,4.00E-04
center,794,0.06,794,-0.04,794,0.00E+00
center,795,0.07,795,-0.04,795,-7.00E-04
center,796,0.07,796,-0.04,796,7.00E-04
center,797,0.07,797,-0.04,797,-1.00E-04
center,798,0.07,798,-0.04,798,-8.00E-04
center,799,0.08,799,-0.05,799,7.00E-04
center,800,0.08,800,-0.05,800,1.70E-03
center,801,0.08,801,-0.05,801,-1.00E-03
center,802,0.08,802,-0.05,802,-6.00E-04
center,803,0.08,803,-0.05,803,1.10E-03
center,804,0.08,804,-0.05,804,4.00E-04
center,805,0.08,805,-0.05,805,-4.00E-04
center,806,0.08,806,-0.05,806,0.00E+00
center,807,0.08,807,-0.05,807,-5.00E-04
center,808,0.08,808,-0.05,808,-2.00E-04
center,809,0.08,809,-0.05,809,3.00E-04
center,810,0.08,810,-0.05,810,1.00E-04
center,811,0.08,811,-0.05,811,-1.90E-03
center,812,0.08,812,-0.05,812,5.10E-03
center,813,0.08,813,-0.05,813,-5.40E-03
center,814,0.08,814,-0.05,814,-2.00E-04
center,815,0.09,815,-0.05,815,5.00E-04
center,816,0.09,816,-0.05,816,1.30E-03
center,817,0.09,817,-0.05,817,1.00E-04
center,818,0.09,818,-0.05,818,1.00E-04
center,819,0.09,819,-0.05,819,7.00E-04
center,820,0.09,820,-0.05,820,2.00E-04
center,821,0.09,821,-0.05,821,-2.80E-03
center,822,0.09,822,-0.06,822,3.10E-03
center,823,0.09,823,-0.06,823,-1.30E-03
center,824,0.09,824,-0.06,824,0.00E+00
center,825,0.1,825,-0.06,825,6.00E-04
center,826,0.1,826,-0.06,826,-3.00E-04
center,827,0.1,827,-0.06,827,6.00E-04
center,828,0.1,828,-0.06,828,2.00E-04
center,829,0.1,829,-0.06,829,1.00E-04
center,830,0.1,830,-0.06,830,-4.00E-04
center,831,0.1,831,-0.06,831,-2.00E-04
center,832,0.1,832,-0.06,832,-2.00E-04
center,833,0.1,833,-0.06,833,5.00E-04
center,834,0.1,834,-0.06,834,-3.00E-04
center,835,0.1,835,-0.06,835,0.00E+00
center,836,0.1,836,-0.06,836,2.00E-03
center,837,0.1,837,-0.05,837,-2.10E-03
center,838,0.1,838,-0.05,838,2.00E-04
center,839,0.1,839,-0.05,839,4.00E-04
center,840,0.1,840,-0.05,840,3.00E-04
center,841,0.09,841,-0.05,841,1.00E-04
center,842,0.09,842,-0.05,842,8.00E-04
center,843,0.09,843,-0.05,843,0.00E+00
center,844,0.09,844,-0.05,844,2.00E-04
center,845,0.09,845,-0.05,845,-3.00E-04
center,846,0.08,846,-0.04,846,-9.00E-04
center,847,0.08,847,-0.04,847,2.00E-04
center,848,0.08,848,-0.04,848,1.60E-03
center,849,0.08,849,-0.04,849,-1.40E-03
center,850,0.08,850,-0.04,850,-3.00E-04
center,851,0.08,851,-0.04,851,-4.00E-04
center,852,0.08,852,-0.04,852,-1.00E-04
center,853,0.07,853,-0.04,853,1.10E-03
center,854,0.07,854,-0.04,854,2.00E-04
center,855,0.07,855,-0.03,855,4.00E-04
center,856,0.07,856,-0.03,856,1.00E-03
center,857,0.07,857,-0.03,857,-4.00E-04
center,858,0.06,858,-0.03,858,-3.00E-03
center,859,0.06,859,-0.03,859,3.00E-04
center,860,0.06,860,-0.03,860,-1.40E-03
center,861,0.07,861,-0.03,861,-9.00E-04
center,862,0.07,862,-0.03,862,4.00E-04
center,863,0.07,863,-0.03,863,1.70E-03
center,864,0.07,864,-0.03,864,-1.00E-04
center,865,0.07,865,-0.03,865,-1.00E-04
center,866,0.07,866,-0.03,866,-1.00E-04
center,867,0.07,867,-0.04,867,-1.00E-03
center,868,0.07,868,-0.04,868,-5.00E-04
center,869,0.07,869,-0.04,869,9.00E-04
center,870,0.07,870,-0.04,870,2.50E-03
center,871,0.07,871,-0.04,871,-2.50E-03
center,872,0.07,872,-0.04,872,3.00E-04
center,873,0.07,873,-0.04,873,1.00E-03
center,874,0.07,874,-0.04,874,-4.00E-04
center,875,0.07,875,-0.04,875,0.00E+00
center,876,0.07,876,-0.04,876,6.00E-04
center,877,0.07,877,-0.04,877,1.00E-04
center,878,0.07,878,-0.04,878,-5.00E-04
center,879,0.07,879,-0.04,879,6.00E-04
center,880,0.06,880,-0.04,880,3.00E-04
center,881,0.06,881,-0.04,881,-9.00E-04
center,882,0.06,882,-0.04,882,1.80E-03
center,883,0.06,883,-0.04,883,-1.20E-03
center,884,0.06,884,-0.04,884,8.00E-04
center,885,0.06,885,-0.04,885,-6.00E-04
center,886,0.06,886,-0.04,886,-2.00E-04
center,887,0.05,887,-0.03,887,3.00E-04
center,888,0.05,888,-0.03,888,5.00E-04
center,889,0.05,889,-0.03,889,3.00E-04
center,890,0.05,890,-0.03,890,-7.00E-04
center,891,0.05,891,-0.03,891,-8.00E-04
center,892,0.05,892,-0.03,892,1.20E-03
center,893,0.04,893,-0.03,893,-9.00E-04
center,894,0.04,894,-0.03,894,-1.30E-03
center,895,0.04,895,-0.03,895,2.70E-03
center,896,0.04,896,-0.03,896,-2.20E-03
center,897,0.04,897,-0.03,897,1.50E-03
center,898,0.04,898,-0.03,898,4.00E-04
center,899,0.03,899,-0.03,899,7.00E-04
center,900,0.03,900,-0.02,900,-1.20E-03
center,901,0.03,901,-0.02,901,-9.00E-04
center,902,0.03,902,-0.02,902,-3.00E-04
center,903,0.03,903,-0.02,903,0.00E+00
center,904,0.03,904,-0.02,904,1.90E-03
center,905,0.03,905,-0.02,905,-1.00E-03
center,906,0.03,906,-0.02,906,0.00E+00
center,907,0.03,907,-0.02,907,-2.60E-03
center,908,0.03,908,-0.02,908,2.40E-03
center,909,0.03,909,-0.02,909,8.00E-04
center,910,0.02,910,-0.02,910,-4.00E-04
center,911,0.02,911,-0.02,911,-2.00E-04
center,912,0.02,912,-0.02,912,-7.00E-04
center,913,0.02,913,-0.02,913,1.00E-03
center,914,0.02,914,-0.02,914,-6.00E-04
center,915,0.02,915,-0.02,915,3.00E-04
center,916,0.02,916,-0.02,916,1.70E-03
center,917,0.01,917,-0.01,917,-8.00E-04
center,918,0.01,918,-0.01,918,3.00E-04
center,919,0.01,919,-0.01,919,-9.00E-04
center,920,0.01,920,-0.01,920,-3.00E-04
center,921,0,921,-0.01,921,2.40E-03
center,922,0,922,-0.01,922,-1.00E-04
center,923,-0.01,923,0,923,2.00E-04
center,924,-0.01,924,0,924,-5.00E-04
center,925,-0.01,925,0,925,3.00E-04
center,926,-0.02,926,0.01,926,-5.00E-04
center,927,-0.02,927,0.01,927,7.00E-04
center,928,-0.03,928,0.01,928,-5.00E-04
center,929,-0.03,929,0.02,929,-2.00E-04
center,930,-0.03,930,0.02,930,-4.00E-04
center,931,-0.03,931,0.02,931,-7.00E-04
center,932,-0.04,932,0.02,932,-3.00E-04
center,933,-0.04,933,0.02,933,-8.00E-04
center,934,-0.04,934,0.02,934,1.90E-03
center,935,-0.04,935,0.02,935,-1.40E-03
center,936,-0.04,936,0.03,936,0.00E+00
center,937,-0.04,937,0.03,937,-3.00E-04
center,938,-0.04,938,0.03,938,1.50E-03
center,939,-0.05,939,0.03,939,-6.00E-04
center,940,-0.05,940,0.03,940,-5.00E-04
center,941,-0.05,941,0.03,941,3.00E-04
center,942,-0.05,942,0.03,942,-2.50E-03
center,943,-0.05,943,0.03,943,2.80E-03
center,944,-0.05,944,0.03,944,-2.20E-03
center,945,-0.05,945,0.03,945,-6.00E-04
center,946,-0.05,946,0.03,946,1.40E-03
center,947,-0.05,947,0.03,947,-9.00E-04
center,948,-0.05,948,0.03,948,-8.00E-04
center,949,-0.05,949,0.03,949,8.00E-04
center,950,-0.05,950,0.03,950,-1.00E-04
center,951,-0.05,951,0.03,951,6.00E-04
center,952,-0.05,952,0.03,952,0.00E+00
center,953,-0.05,953,0.03,953,1.00E-03
center,954,-0.05,954,0.03,954,-2.70E-03
center,955,-0.04,955,0.02,955,-1.00E-03
center,956,-0.04,956,0.02,956,1.00E-03
center,957,-0.04,957,0.02,957,2.50E-03
center,958,-0.04,958,0.02,958,3.00E-04
center,959,-0.04,959,0.02,959,-6.00E-04
center,960,-0.04,960,0.02,960,9.00E-04
center,961,-0.04,961,0.02,961,-6.00E-04
center,962,-0.04,962,0.02,962,-3.00E-04
center,963,-0.04,963,0.02,963,-6.00E-04
center,964,-0.04,964,0.02,964,1.80E-03
center,965,-0.04,965,0.02,965,-8.00E-04
center,966,-0.04,966,0.02,966,8.00E-04
center,967,-0.04,967,0.03,967,1.70E-03
center,968,-0.05,968,0.03,968,-7.00E-04
center,969,-0.05,969,0.03,969,-1.00E-03
center,970,-0.05,970,0.03,970,1.00E-04
center,971,-0.05,971,0.03,971,8.00E-04
center,972,-0.05,972,0.04,972,-9.00E-04
center,973,-0.05,973,0.04,973,-1.00E-03
center,974,-0.05,974,0.04,974,-1.00E-04
center,975,-0.05,975,0.04,975,-9.00E-04
center,976,-0.05,976,0.04,976,3.00E-04
center,977,-0.05,977,0.04,977,-1.00E-04
center,978,-0.05,978,0.04,978,-1.00E-04
center,979,-0.05,979,0.04,979,-4.00E-04
center,980,-0.05,980,0.04,980,-2.30E-03
center,981,-0.05,981,0.03,981,2.00E-03
center,982,-0.04,982,0.03,982,8.00E-04
center,983,-0.04,983,0.03,983,-3.00E-04
center,984,-0.04,984,0.03,984,-1.10E-03
center,985,-0.04,985,0.03,985,1.00E-03
center,986,-0.04,986,0.03,986,5.00E-04
center,987,-0.04,987,0.03,987,-9.00E-04
center,988,-0.04,988,0.03,988,-1.00E-04
center,989,-0.04,989,0.03,989,1.00E-04
center,990,-0.04,990,0.02,990,-1.50E-03
center,991,-0.03,991,0.02,991,7.00E-04
center,992,-0.03,992,0.02,992,1.00E-04
center,993,-0.02,993,0.02,993,1.80E-03
center,994,-0.02,994,0.02,994,-6.00E-04
center,995,-0.02,995,0.02,995,7.00E-04
center,996,-0.02,996,0.02,996,-4.00E-04
center,997,-0.02,997,0.02,997,-7.00E-04
center,998,-0.02,998,0.02,998,-7.00E-04
center,999,-0.02,999,0.01,999,1.10E-03
center,1000,-0.02,1000,0.01,1000,-1.70E-03
center,1001,-0.01,1001,0.01,1001,-1.70E-03
center,1002,-0.01,1002,0.01,1002,1.60E-03
center,1003,0,1003,0,1003,-3.00E-04
center,1004,0,1004,0,1004,-1.90E-03
center,1005,0.01,1005,0,1005,9.00E-04
center,1006,0.01,1006,-0.01,1006,2.70E-03
center,1007,0.01,1007,-0.01,1007,5.00E-04
center,1008,0.01,1008,-0.01,1008,0.00E+00
center,1009,0.01,1009,-0.01,1009,7.00E-04
center,1010,0.01,1010,-0.01,1010,1.00E-04
center,1011,0.01,1011,-0.01,1011,6.00E-04
center,1012,0.01,1012,-0.01,1012,-1.50E-03
center,1013,0.01,1013,-0.01,1013,3.00E-04
center,1014,0.01,1014,-0.01,1014,2.40E-03
center,1015,0.01,1015,-0.01,1015,-1.10E-03
center,1016,0,1016,-0.01,1016,9.00E-04
center,1017,0,1017,-0.01,1017,-2.00E-04
center,1018,0,1018,0,1018,9.00E-04
center,1019,0,1019,0,1019,-5.00E-04
center,1020,0,1020,0,1020,1.00E-04
center,1021,-0.01,1021,0,1021,-6.00E-04
center,1022,-0.01,1022,0,1022,-6.00E-04
center,1023,-0.01,1023,0.01,1023,8.00E-04
center,1024,-0.01,1024,0.01,1024,-1.30E-03
center,1025,-0.01,1025,0.01,1025,-3.00E-04
center,1026,-0.01,1026,0.01,1026,4.00E-04
center,1027,-0.01,1027,0.01,1027,1.10E-03
center,1028,-0.01,1028,0.01,1028,6.00E-04
center,1029,-0.02,1029,0.01,1029,5.00E-04
center,1030,-0.02,1030,0.01,1030,-5.00E-04
center,1031,-0.02,1031,0.02,1031,-1.10E-03
center,1032,-0.02,1032,0.02,1032,0.00E+00
center,1033,-0.03,1033,0.02,1033,-3.00E-04
center,1034,-0.03,1034,0.02,1034,-4.00E-04
center,1035,-0.03,1035,0.02,1035,4.00E-04
center,1036,-0.03,1036,0.02,1036,0.00E+00
center,1037,-0.03,1037,0.02,1037,2.00E-04
center,1038,-0.03,1038,0.02,1038,3.00E-04
center,1039,-0.03,1039,0.02,1039,-2.40E-03
center,1040,-0.03,1040,0.02,1040,5.00E-04
center,1041,-0.03,1041,0.02,1041,1.00E-03
center,1042,-0.03,1042,0.02,1042,-1.60E-03
center,1043,-0.03,1043,0.02,1043,2.00E-04
center,1044,-0.02,1044,0.02,1044,1.20E-03
center,1045,-0.02,1045,0.02,1045,-4.00E-04
center,1046,-0.02,1046,0.02,1046,4.00E-04
center,1047,-0.02,1047,0.02,1047,7.00E-04
center,1048,-0.02,1048,0.02,1048,3.00E-04
center,1049,-0.02,1049,0.02,1049,7.00E-04
center,1050,-0.03,1050,0.02,1050,-1.00E-04
center,1051,-0.03,1051,0.03,1051,7.00E-04
center,1052,-0.03,1052,0.03,1052,-1.50E-03
center,1053,-0.03,1053,0.03,1053,-2.30E-03
center,1054,-0.03,1054,0.03,1054,1.30E-03
center,1055,-0.02,1055,0.03,1055,7.00E-04
center,1056,-0.02,1056,0.03,1056,-3.00E-04
center,1057,-0.02,1057,0.03,1057,-2.00E-04
center,1058,-0.02,1058,0.03,1058,4.00E-04
center,1059,-0.02,1059,0.03,1059,-6.00E-04
center,1060,-0.02,1060,0.03,1060,-4.00E-04
center,1061,-0.02,1061,0.03,1061,3.00E-04
center,1062,-0.02,1062,0.03,1062,-7.00E-04
center,1063,-0.02,1063,0.03,1063,2.10E-03
center,1064,-0.02,1064,0.03,1064,-1.90E-03
center,1065,-0.01,1065,0.03,1065,1.50E-03
center,1066,-0.01,1066,0.03,1066,-9.00E-04
center,1067,-0.01,1067,0.03,1067,-4.00E-04
center,1068,-0.01,1068,0.03,1068,7.00E-04
center,1069,-0.01,1069,0.03,1069,-6.00E-04
center,1070,-0.01,1070,0.03,1070,-4.00E-04
center,1071,0,1071,0.03,1071,-7.00E-04
center,1072,0,1072,0.03,1072,3.00E-04
center,1073,0,1073,0.03,1073,4.00E-04
center,1074,0,1074,0.03,1074,1.70E-03
center,1075,0,1075,0.03,1075,-1.90E-03
center,1076,0,1076,0.03,1076,-1.00E-04
center,1077,0.01,1077,0.03,1077,-1.00E-04
center,1078,0.01,1078,0.02,1078,1.60E-03
center,1079,0.01,1079,0.03,1079,6.00E-04
center,1080,0.01,1080,0.03,1080,1.00E-04
center,1081,0,1081,0.03,1081,-6.00E-04
center,1082,0,1082,0.03,1082,4.00E-04
center,1083,0,1083,0.03,1083,1.00E-04
center,1084,0,1084,0.03,1084,-6.00E-04
center,1085,0,1085,0.03,1085,4.00E-04
center,1086,0,1086,0.03,1086,3.40E-03
center,1087,-0.01,1087,0.04,1087,1.00E-03
center,1088,-0.01,1088,0.04,1088,-1.10E-03
center,1089,-0.02,1089,0.05,1089,-1.30E-03
center,1090,-0.02,1090,0.05,1090,-1.00E-03
center,1091,-0.02,1091,0.05,1091,0.00E+00
center,1092,-0.02,1092,0.05,1092,-8.00E-04
center,1093,-0.02,1093,0.05,1093,4.00E-04
center,1094,-0.02,1094,0.05,1094,3.00E-04
center,1095,-0.03,1095,0.06,1095,-6.00E-04
center,1096,-0.03,1096,0.06,1096,-5.00E-04
center,1097,-0.03,1097,0.06,1097,2.20E-03
center,1098,-0.03,1098,0.06,1098,-9.00E-04
center,1099,-0.03,1099,0.06,1099,-3.00E-04
center,1100,-0.03,1100,0.06,1100,-1.40E-03
center,1101,-0.03,1101,0.07,1101,2.10E-03
center,1102,-0.04,1102,0.07,1102,-1.60E-03
center,1103,-0.04,1103,0.07,1103,3.00E-04
center,1104,-0.04,1104,0.07,1104,-6.00E-04
center,1105,-0.04,1105,0.07,1105,-3.00E-04
center,1106,-0.04,1106,0.07,1106,2.00E-04
center,1107,-0.04,1107,0.07,1107,3.00E-04
center,1108,-0.04,1108,0.07,1108,-1.30E-03
center,1109,-0.04,1109,0.07,1109,-1.00E-03
center,1110,-0.04,1110,0.07,1110,-6.00E-04
center,1111,-0.04,1111,0.07,1111,2.00E-03
center,1112,-0.04,1112,0.07,1112,2.00E-04
center,1113,-0.04,1113,0.07,1113,-1.50E-03
center,1114,-0.03,1114,0.07,1114,7.00E-04
center,1115,-0.03,1115,0.06,1115,2.00E-04
center,1116,-0.03,1116,0.06,1116,7.00E-04
center,1117,-0.03,1117,0.06,1117,-7.00E-04
center,1118,-0.03,1118,0.06,1118,4.00E-04
center,1119,-0.03,1119,0.06,1119,3.00E-04
center,1120,-0.03,1120,0.06,1120,-1.00E-04
center,1121,-0.03,1121,0.06,1121,-1.00E-03
center,1122,-0.03,1122,0.06,1122,2.70E-03
center,1123,-0.03,1123,0.06,1123,3.00E-04
center,1124,-0.03,1124,0.07,1124,0.00E+00
center,1125,-0.03,1125,0.07,1125,2.00E-04
center,1126,-0.04,1126,0.07,1126,-9.00E-04
center,1127,-0.04,1127,0.07,1127,3.00E-04
center,1128,-0.04,1128,0.07,1128,1.00E-04
center,1129,-0.04,1129,0.07,1129,-1.20E-03
center,1130,-0.04,1130,0.08,1130,-2.00E-04
center,1131,-0.04,1131,0.08,1131,-2.00E-04
center,1132,-0.04,1132,0.08,1132,-3.00E-04
center,1133,-0.04,1133,0.08,1133,2.00E-04
center,1134,-0.04,1134,0.08,1134,2.00E-04
center,1135,-0.04,1135,0.08,1135,1.80E-03
center,1136,-0.04,1136,0.08,1136,1.80E-03
center,1137,-0.05,1137,0.08,1137,-2.30E-03
center,1138,-0.05,1138,0.08,1138,1.00E-04
center,1139,-0.05,1139,0.08,1139,1.00E-04
center,1140,-0.05,1140,0.09,1140,-5.00E-04
center,1141,-0.05,1141,0.09,1141,1.20E-03
center,1142,-0.06,1142,0.09,1142,-2.00E-04
center,1143,-0.06,1143,0.09,1143,2.00E-04
center,1144,-0.06,1144,0.09,1144,-6.00E-04
center,1145,-0.06,1145,0.1,1145,1.00E-04
center,1146,-0.06,1146,0.1,1146,1.80E-03
center,1147,-0.07,1147,0.1,1147,-6.00E-04
center,1148,-0.07,1148,0.1,1148,6.00E-04
center,1149,-0.07,1149,0.11,1149,-1.40E-03
center,1150,-0.08,1150,0.11,1150,-3.00E-04
center,1151,-0.08,1151,0.11,1151,-5.00E-04
center,1152,-0.08,1152,0.11,1152,3.00E-04
center,1153,-0.08,1153,0.12,1153,5.00E-04
center,1154,-0.08,1154,0.12,1154,-1.00E-04
center,1155,-0.08,1155,0.12,1155,0.00E+00
center,1156,-0.09,1156,0.12,1156,3.00E-04
center,1157,-0.09,1157,0.13,1157,-6.00E-04
center,1158,-0.09,1158,0.13,1158,1.00E-04
center,1159,-0.09,1159,0.13,1159,-1.90E-03
center,1160,-0.09,1160,0.13,1160,-4.00E-04
center,1161,-0.09,1161,0.13,1161,-1.00E-04
center,1162,-0.09,1162,0.13,1162,-4.00E-04
center,1163,-0.09,1163,0.13,1163,7.00E-04
center,1164,-0.09,1164,0.13,1164,-2.00E-04
center,1165,-0.09,1165,0.13,1165,0.00E+00
center,1166,-0.08,1166,0.13,1166,-4.00E-04
center,1167,-0.08,1167,0.13,1167,-3.00E-04
center,1168,-0.08,1168,0.13,1168,-5.00E-04
center,1169,-0.08,1169,0.12,1169,2.00E-04
center,1170,-0.07,1170,0.12,1170,5.00E-04
center,1171,-0.07,1171,0.12,1171,1.20E-03
center,1172,-0.07,1172,0.12,1172,-7.00E-04
center,1173,-0.07,1173,0.12,1173,3.30E-03
center,1174,-0.07,1174,0.13,1174,-2.40E-03
center,1175,-0.07,1175,0.13,1175,3.00E-04
center,1176,-0.07,1176,0.13,1176,0.00E+00
center,1177,-0.07,1177,0.13,1177,-8.00E-04
center,1178,-0.07,1178,0.13,1178,4.00E-04
center,1179,-0.07,1179,0.13,1179,-2.00E-04
center,1180,-0.07,1180,0.13,1180,1.30E-03
center,1181,-0.07,1181,0.13,1181,0.00E+00
center,1182,-0.07,1182,0.13,1182,0.00E+00
center,1183,-0.07,1183,0.13,1183,-6.00E-04
center,1184,-0.07,1184,0.13,1184,2.00E-04
center,1185,-0.07,1185,0.14,1185,-4.00E-04
center,1186,-0.07,1186,0.14,1186,2.00E-04
center,1187,-0.07,1187,0.14,1187,-4.00E-04
center,1188,-0.07,1188,0.14,1188,1.10E-03
center,1189,-0.07,1189,0.14,1189,-2.00E-04
center,1190,-0.07,1190,0.14,1190,-8.00E-04
center,1191,-0.07,1191,0.14,1191,1.00E-04
center,1192,-0.07,1192,0.14,1192,-8.00E-04
center,1193,-0.07,1193,0.14,1193,-1.00E-04
center,1194,-0.07,1194,0.14,1194,-1.20E-03
center,1195,-0.06,1195,0.14,1195,1.70E-03
center,1196,-0.06,1196,0.14,1196,-5.00E-04
center,1197,-0.06,1197,0.14,1197,1.00E-03
center,1198,-0.06,1198,0.14,1198,-7.00E-04
center,1199,-0.06,1199,0.14,1199,1.00E-03
center,1200,-0.06,1200,0.14,1200,-1.70E-03
center,1201,-0.06,1201,0.14,1201,-1.00E-03
center,1202,-0.06,1202,0.14,1202,0.00E+00
center,1203,-0.05,1203,0.14,1203,-6.00E-04
center,1204,-0.05,1204,0.14,1204,1.50E-03
center,1205,-0.05,1205,0.14,1205,-1.50E-03
center,1206,-0.05,1206,0.14,1206,1.90E-03
center,1207,-0.05,1207,0.14,1207,-6.00E-04
center,1208,-0.04,1208,0.13,1208,7.00E-04
center,1209,-0.04,1209,0.13,1209,2.60E-03
center,1210,-0.05,1210,0.14,1210,-2.70E-03
center,1211,-0.04,1211,0.14,1211,-3.00E-04
center,1212,-0.04,1212,0.14,1212,1.00E-04
center,1213,-0.04,1213,0.14,1213,-3.00E-04
center,1214,-0.04,1214,0.13,1214,-3.00E-04
center,1215,-0.04,1215,0.13,1215,-2.00E-04
center,1216,-0.04,1216,0.13,1216,1.00E-03
center,1217,-0.04,1217,0.13,1217,-1.20E-03
center,1218,-0.03,1218,0.13,1218,3.00E-04
center,1219,-0.03,1219,0.13,1219,-5.00E-04
center,1220,-0.03,1220,0.13,1220,-1.50E-03
center,1221,-0.02,1221,0.13,1221,4.50E-03
center,1222,-0.02,1222,0.13,1222,2.00E-04
center,1223,-0.03,1223,0.13,1223,-1.00E-04
center,1224,-0.03,1224,0.13,1224,-8.00E-04
center,1225,-0.03,1225,0.13,1225,-2.00E-04
center,1226,-0.03,1226,0.13,1226,0.00E+00
center,1227,-0.03,1227,0.13,1227,0.00E+00
center,1228,-0.03,1228,0.13,1228,1.00E-03
center,1229,-0.03,1229,0.13,1229,1.00E-03
center,1230,-0.03,1230,0.14,1230,2.00E-04
center,1231,-0.03,1231,0.14,1231,0.00E+00
center,1232,-0.04,1232,0.14,1232,2.20E-03
center,1233,-0.04,1233,0.15,1233,-3.60E-03
center,1234,-0.04,1234,0.15,1234,1.00E-04
center,1235,-0.04,1235,0.15,1235,-1.70E-03
center,1236,-0.04,1236,0.15,1236,1.60E-03
center,1237,-0.04,1237,0.15,1237,-8.00E-04
center,1238,-0.04,1238,0.15,1238,6.00E-04
center,1239,-0.04,1239,0.15,1239,-8.00E-04
center,1240,-0.04,1240,0.15,1240,-2.00E-04
center,1241,-0.04,1241,0.15,1241,8.00E-04
center,1242,-0.04,1242,0.15,1242,-1.80E-03
center,1243,-0.04,1243,0.15,1243,1.00E-04
center,1244,-0.03,1244,0.15,1244,-4.00E-04
center,1245,-0.03,1245,0.15,1245,-2.00E-04
center,1246,-0.03,1246,0.15,1246,-2.00E-04
center,1247,-0.02,1247,0.15,1247,1.00E-03
center,1248,-0.02,1248,0.15,1248,-5.00E-04
center,1249,-0.02,1249,0.15,1249,0.00E+00
center,1250,-0.02,1250,0.14,1250,1.00E-04
center,1251,-0.02,1251,0.14,1251,-2.00E-04
center,1252,-0.01,1252,0.14,1252,-4.00E-04
center,1253,-0.01,1253,0.14,1253,1.30E-03
center,1254,-0.01,1254,0.14,1254,1.00E-04
center,1255,-0.01,1255,0.14,1255,-2.30E-03
center,1256,0,1256,0.14,1256,1.10E-03
center,1257,0,1257,0.14,1257,1.90E-03
center,1258,0,1258,0.14,1258,2.00E-04
center,1259,0,1259,0.14,1259,-4.00E-04
center,1260,0,1260,0.14,1260,1.50E-03
center,1261,0,1261,0.14,1261,-5.00E-04
center,1262,0,1262,0.14,1262,4.00E-04
center,1263,0,1263,0.14,1263,3.00E-04
center,1264,0,1264,0.14,1264,6.00E-04
center,1265,0,1265,0.15,1265,-9.00E-04
center,1266,0,1266,0.15,1266,1.90E-03
center,1267,-0.01,1267,0.15,1267,-3.00E-04
center,1268,-0.01,1268,0.16,1268,3.00E-03
center,1269,-0.02,1269,0.16,1269,-2.30E-03
center,1270,-0.02,1270,0.17,1270,2.00E-04
center,1271,-0.02,1271,0.17,1271,-8.00E-04
center,1272,-0.03,1272,0.17,1272,-4.00E-04
center,1273,-0.03,1273,0.18,1273,0.00E+00
center,1274,-0.03,1274,0.18,1274,-4.00E-04
center,1275,-0.03,1275,0.18,1275,-1.60E-03
center,1276,-0.03,1276,0.18,1276,-4.00E-04
center,1277,-0.03,1277,0.18,1277,-9.00E-04
center,1278,-0.03,1278,0.18,1278,1.30E-03
center,1279,-0.03,1279,0.18,1279,-2.50E-03
center,1280,-0.02,1280,0.18,1280,1.10E-03
center,1281,-0.02,1281,0.18,1281,-1.20E-03
center,1282,-0.02,1282,0.18,1282,1.20E-03
center,1283,-0.02,1283,0.18,1283,-8.00E-04
center,1284,-0.01,1284,0.18,1284,0.00E+00
center,1285,-0.01,1285,0.18,1285,7.00E-04
center,1286,-0.01,1286,0.18,1286,-5.00E-04
center,1287,-0.01,1287,0.18,1287,-3.00E-04
center,1288,0,1288,0.18,1288,-3.00E-04
center,1289,0,1289,0.17,1289,-2.00E-04
center,1290,0.01,1290,0.17,1290,1.50E-03
center,1291,0.01,1291,0.17,1291,-5.00E-04
center,1292,0.01,1292,0.17,1292,8.00E-04
center,1293,0.01,1293,0.17,1293,7.00E-04
center,1294,0.01,1294,0.17,1294,8.00E-04
center,1295,0.01,1295,0.17,1295,-1.60E-03
center,1296,0.01,1296,0.17,1296,-7.00E-04
center,1297,0.02,1297,0.17,1297,-2.00E-04
center,1298,0.02,1298,0.17,1298,-1.00E-04
center,1299,0.02,1299,0.17,1299,3.00E-04
center,1300,0.02,1300,0.17,1300,-2.20E-03
center,1301,0.03,1301,0.17,1301,-7.00E-04
center,1302,0.03,1302,0.16,1302,6.00E-04
center,1303,0.04,1303,0.16,1303,1.90E-03
center,1304,0.04,1304,0.16,1304,-1.30E-03
center,1305,0.05,1305,0.16,1305,1.00E-03
center,1306,0.05,1306,0.15,1306,1.30E-03
center,1307,0.05,1307,0.15,1307,-4.00E-04
center,1308,0.06,1308,0.15,1308,-2.00E-04
center,1309,0.06,1309,0.15,1309,0.00E+00
center,1310,0.06,1310,0.15,1310,2.00E-04
center,1311,0.07,1311,0.15,1311,-2.00E-04
center,1312,0.07,1312,0.15,1312,-1.50E-03
center,1313,0.07,1313,0.15,1313,2.70E-03
center,1314,0.08,1314,0.15,1314,-7.00E-04
center,1315,0.08,1315,0.15,1315,1.50E-03
center,1316,0.08,1316,0.15,1316,1.60E-03
center,1317,0.08,1317,0.15,1317,7.00E-04
center,1318,0.07,1318,0.16,1318,-2.00E-03
center,1319,0.07,1319,0.16,1319,-2.00E-04
center,1320,0.07,1320,0.16,1320,3.00E-04
center,1321,0.07,1321,0.16,1321,-8.00E-04
center,1322,0.07,1322,0.16,1322,-9.00E-04
center,1323,0.07,1323,0.16,1323,7.00E-04
center,1324,0.07,1324,0.16,1324,-1.00E-03
center,1325,0.08,1325,0.16,1325,2.00E-03
center,1326,0.07,1326,0.16,1326,-2.20E-03
center,1327,0.08,1327,0.16,1327,2.10E-03
center,1328,0.08,1328,0.16,1328,-1.20E-03
center,1329,0.08,1329,0.16,1329,4.00E-04
center,1330,0.08,1330,0.16,1330,-9.00E-04
center,1331,0.08,1331,0.16,1331,-2.00E-04
center,1332,0.08,1332,0.16,1332,-2.00E-04
center,1333,0.08,1333,0.16,1333,0.00E+00
center,1334,0.09,1334,0.16,1334,0.00E+00
center,1335,0.09,1335,0.16,1335,6.00E-04
center,1336,0.09,1336,0.16,1336,8.00E-04
center,1337,0.09,1337,0.16,1337,-2.00E-04
center,1338,0.09,1338,0.16,1338,9.00E-04
center,1339,0.09,1339,0.16,1339,-1.30E-03
center,1340,0.09,1340,0.17,1340,5.00E-04
center,1341,0.1,1341,0.17,1341,7.00E-04
center,1342,0.1,1342,0.17,1342,-1.60E-03
center,1343,0.1,1343,0.17,1343,-8.00E-04
center,1344,0.1,1344,0.17,1344,6.00E-04
center,1345,0.1,1345,0.17,1345,-3.00E-04
center,1346,0.1,1346,0.16,1346,4.00E-04
center,1347,0.11,1347,0.16,1347,6.00E-04
center,1348,0.11,1348,0.16,1348,8.00E-04
center,1349,0.11,1349,0.17,1349,1.20E-03
center,1350,0.1,1350,0.17,1350,-1.00E-04
center,1351,0.1,1351,0.17,1351,-7.00E-04
center,1352,0.1,1352,0.17,1352,-1.00E-03
center,1353,0.1,1353,0.17,1353,1.10E-03
center,1354,0.1,1354,0.17,1354,5.00E-04
center,1355,0.1,1355,0.18,1355,-3.00E-04
center,1356,0.1,1356,0.18,1356,-3.00E-04
center,1357,0.1,1357,0.18,1357,-6.00E-04
center,1358,0.1,1358,0.18,1358,-6.00E-04
center,1359,0.1,1359,0.18,1359,6.00E-04
center,1360,0.1,1360,0.18,1360,-4.00E-04
center,1361,0.1,1361,0.18,1361,1.60E-03
center,1362,0.1,1362,0.18,1362,-1.50E-03
center,1363,0.1,1363,0.18,1363,2.00E-04
center,1364,0.1,1364,0.19,1364,3.00E-04
center,1365,0.1,1365,0.19,1365,5.00E-04
center,1366,0.1,1366,0.19,1366,-1.00E-03
center,1367,0.1,1367,0.19,1367,-3.00E-04
center,1368,0.1,1368,0.19,1368,7.00E-04
center,1369,0.1,1369,0.19,1369,-7.00E-04
center,1370,0.1,1370,0.19,1370,-1.00E-04
center,1371,0.1,1371,0.19,1371,0.00E+00
center,1372,0.1,1372,0.19,1372,0.00E+00
center,1373,0.1,1373,0.19,1373,-1.00E-04
center,1374,0.1,1374,0.19,1374,3.10E-03
center,1375,0.1,1375,0.19,1375,-1.50E-03
center,1376,0.1,1376,0.2,1376,-2.00E-03
center,1377,0.1,1377,0.2,1377,-4.00E-04
center,1378,0.11,1378,0.2,1378,1.80E-03
center,1379,0.11,1379,0.2,1379,-1.70E-03
center,1380,0.11,1380,0.2,1380,-7.00E-04
center,1381,0.11,1381,0.19,1381,1.00E-04
center,1382,0.12,1382,0.19,1382,-1.00E-04
center,1383,0.12,1383,0.19,1383,1.00E-03
center,1384,0.12,1384,0.19,1384,-6.00E-04
center,1385,0.12,1385,0.19,1385,-4.00E-04
center,1386,0.12,1386,0.19,1386,1.70E-03
center,1387,0.12,1387,0.19,1387,-1.20E-03
center,1388,0.12,1388,0.19,1388,1.20E-03
center,1389,0.12,1389,0.19,1389,2.20E-03
center,1390,0.12,1390,0.19,1390,-3.00E-03
center,1391,0.12,1391,0.19,1391,0.00E+00
center,1392,0.12,1392,0.19,1392,-1.00E-04
center,1393,0.13,1393,0.19,1393,
